tweet,InSet
direktur jenderal badan kesehatan dunia who menyatakan dunia mengalami kekurangan peralatan kesehatan terutama negara miskin paling miskin dunia peralatan medis mengalami kekurangan pasokan masker vaksin obat obatan,neg
semua negara dunia menyerukan pentingnya imunisasi bahkan semua agama sama jangan pertaruhkan anak,neg
kirain tak ngefek vaksin pertama baik saudara pd vaksin ane malah terakhir vaksin mo pergi jakarta,neg
sebelumnya dikira demam berdarah bintik paha senin vaksin sabtu muncul bintik cek darah trombosit baik rabu balik dokter tambah banyak telapak kaki perih sakit buat jalan cek darah trombosit baik dirujuk dokter penyakit terus dokter kulit,neg
gejala timbul hari vaksin gak langsung,neg
rail clinic stasiun delanggu klaten vaksin hingga bagikan sembako,neg
soll info vaksin boster dong makasih,pos
fess guyss info vaksin booster uns dong butuh banget buat segeraa makasii,neg
hasil studi sebut faringitis jadi gejala utama covid vaksin,neg
tiap orang kan daya tahan tubuh imun vaksin pertama kedua beda merk kata dokter gitu,pos
hmm yg dimasalahin disini bkn gk bs explore hobi tp perempuan ideal gk si berpenghasilan bekerja jadi i asisten loh kerjanya jam buat ibu yg biasa kerja lalu tb jd isgt mungkin jd burn out yg hadepin cm sebidang kotak rumah amp org nya,neg
memang benar lowongan pekerjaan banyak mencantumkan vaksin syarat karyawannya punya pemikiran analisa baik logis,pos
lha siapa tahu kalau jadi kipi kalau tahu sakit pastinya gak vaksin,pos
lha kalau tak vaksin tak naik kereta api pesawat padahal acara nikahan jakarta kemarennya tetangga boster tak naik kereta terpaksa vaksin ane piye jal,neg
ipar kk divaksin x kena covid masuk icu beberapa hari lha ane vaksin malah sakit vaskulistis pembekaan pembuluh darah mpe hampir bulan,neg
sini pcv aja kurang laku tun pdhal kota kabupaten wkwk aku pengen daftarin anakku buat pcv krna ga masuk sasaran usia eh yg masuk sasaran malah banyak yg ga mau pda takut sama vaksin baru,neg
benar vaksin kali puasa dnah senen kamis insya allah tubuh jiwa terjaga amin,neg
guys klo mau vaksin booster solo fess,neg
kereen semuanya,pos
stadion piala dunia u steril dipakai alah telek,neg
railmin syarat kereta solo sby skrg apa vaksin thx,neg
sate buntel kwi,neg
banyak warga sragen tolak vaksin booster migran care bantu edukasi,neg
indonesia,neg
butut,neg
modaro leeee,neg
gw ga vaksin mungkin abis lahir disuntik pake coca cola,neg
membutuhkan vaksin booster silakan merapat loji gandrung sebelumnya berada ngarsopuro diadakan minggu selama stok tersedia gratis seluruh warga indonesia menunjukkan ktp,pos
aku lebih setuju wanita berpenghasilan sedapatnya tp tetap dirumah contoh content creator reseller barang pekerjaan sifatnya project based amp bs wfh cth translator buku majalah artikel gimanapun kayaknya otak perlu drill ilmu yg udh gak menguap,pos
kementerian kesehatan memberikan vaksin covid dosis keempat tenaga kesehatan,pos
mending polio suntil vaksin babi kata ibunya,pos
kan pabrik vaksin kopid biofarma baru mau dibangun kalo kopid hilang gak laku vaksin nya,neg
huft vaksin x booster x pernah jd alumni covid tp ga jamin kekebalan tubuhku ditakdirin fokus proposal emg,pos
fess nyuwun info vaksin ktp bebas dong,neg
updatenya bgmn,neg
ku pernah ikut ambulance ngisi bensin waktu ambil vaksin,neg
pas kkn banyak nemuin keluarga yg anti bu bidan desa vaksin an biasanya katanya agamannya gak,neg
terpantau jalan adi sucipto arah colomadu stadion manahan macet teratur jalan selamat sukses,pos
pacarku mirip kamu,pos
emng iy gek lg vaksin pertama neh,neg
klo mau naik kereta api solo malang misalnya syaratnya pakai vaksin boster dulu sih,neg
lhoh hasile wareg prasmanan,neg
aku yo seh seneng nganggo klambi tulisane pasoepati ngeneki gur ngenteni wayahe wae,neg
info tempat vaksin lurr,pos
telat hudang jadi we teu kabagian vaksin booster,neg
solo square peduli vaksin pelayanan suntik vaksin sabtu november wib solo square lower ground sebelah hypermart ayo vaksin solo square,neg
berburu vaksin booster,pos
jemaah umrah tak wajib vaksin meningitis resmi loh,neg
fess info vaksin booster kampus dong guys kalau sekalian share jadwalnya yaa maaciiww,neg
warga sragen enggan ikut vaksin cakupan vaksinasi booster,neg
kemenkes tak wajibkan jemaah umrah vaksin meningitis,neg
iki mas serem ali mabkhout,neg
fess yg mau vaksin booster buruan ngoresan skrg ga antri trims,neg
perhatian bupati sragen minta warga segera vaksin booster covid naik,pos
kemenkes ri menyesuaikan kebijakan arab saudi umroh wajib vaksin meningitis sedang haji wajib vaksin meningitis,pos
urung vaksin kok ws mumet wae ki hadeeh,neg
sayangi nyawamu nder ganti sayaang bahaya soalnya,neg
hari vaksin lagii,neg
lurr info vaksin kucing seng regone murah dong matur suwun,neg
elkan baggot opsi marcelino ferdinan,neg
ben iso ngene mas,neg
lebarnya layaknya landasan udara soekarno hatta,neg
fess info vaksin guys,neg
gara gara kena petir beberapa kali ngeground indihome mati ganti lan,neg
sebelahnya tora sudiro jerinx sid ngapain,neg
aku open jasa joki nembak vaksin yaa masuk pedulilindungi permanen cepat aman desta first love,neg
info vaksin dosis area solo dong,pos
kemarin aja pak kok baru vaksin sekarang ngga mana trus kok mau vaksin mau berangkat thailand acara apa pak golek banci,neg
guys mau tanya kan vaksin sinovac trus vaksin yg kedua bukan sinovac pfizer gak sih,neg
pasal vaksin pernah salah,pos
aku vaksin gimana dunk,neg
alhamndulilah cuma vaksin kali makan sehat segar sayuran hidup senantiyada iklas cari teman yg jujur berpeluang hidayah langit sap via melody porsi aman didunia scherst insya allah amin,pos
stasiun balapan melayani vaksin booster,pos
ditemukan vaksin cacar pd vaksinasi global dikebut dr penyakit cacar akhirnya dimusnahkan gada lg pandemi endemi cacar jg merupakan pandemi pertama yg berhasil dimusnahkan sih sampel virus yg disimpen tp cm bwt riset,neg
sekilas info tambahan ilmu taun hernan cortez tiba meksiko bawa org prajurit budak populasi meksiko jt thn populasi suku aztec tgl jt kurang dr th cacarnya cortez membasmi penduduk aztec jmn dlu blm vaksin cacar,neg
cek ig aja nder sering info vaksin booster,neg
habis vaksin lagu vaksin lagii,neg
kini hadir vaksin booster peningkatan imun serangan virus silahkan hubungi mbak mendapatkan kartu kci kartu cidronesia sabar akses layanan vaksin version free payung,pos
dr nomer ktp jadi pas cetak tiketnya udah tulisannya km udah vaksin berapa kali gt kalo booster g chek in stasiun,pos
persyaratan naik kereta api sekarang vaksin booster dulu min,pos
sakne banget iki wis kadung mbas tiket sepur lah kok wajib vaksin booster tolak dong tiketnya maneh gak iso refund tiketnya awak lek,neg
kak syarat naik krl jogja solo pp apa vaksin booster,neg
idem vaksin hidayah allah baik jahat jujur bohong iklas pamrih siang malam benar salah udara tlah mencatat duper valid allah langsung jg mengatur,neg
bp mentri ra vaksin boster,neg
kalo dosis pake bukti vaksin,neg
mas masalah nihh temenku baru vaksin pertama masuk konser ga kak,neg
mas kalo baru vaksin dosis pertama nonton konser mas kun ndak mas besok september soloo temenku baru dosis pertama,neg
ketinggalan jadwal booster mulu eh kok pas ngemall tiba tiba booth vaksin,neg
solo square peduli vaksin yuk loyal customer solo square melakukan vaksinasi segera solo square lantai depan cinema xxi solo square solo square,pos
kmu vaksin,pos
siap vaksin,neg
nnyicil sek vaksin pertama,pos
yuk sekrang wajib vaksin mau perjalana kereta,neg
gajadi vaksin lah mager wkwk,pos
minim vaksin booster keknya,neg
info vaksin pantau akun ig puskesmas se kab klaten,neg
mbuh lah wes rasido vaksin,neg
mjb enggak kok minimal vaksin,neg
betul kan jadi kasian yg vaksin berkali kali,neg
minimal vaksin,neg
bulan jadi vaksin,neg
ngemeng epeh vaksin sana dulu,neg
vsksin ketiga berarti sehari doangkan pegelnya kalau aku udah vaksin kebera a lupa sih aku tuh,neg
nyales vaksin untung berapa pak,neg
penataran malang blitar k kahuripan blitar lempuyangan k transit blitar jam an vaksin gausah antigen,pos
mau aja dikadalin tukang jual vaksin,neg
solo square peduli vaksin pelayanan vaksinasi covid sabtu minggu juni wib solo square solo square,pos
aku abis vaksin booster,pos
program vaksinasi booster dosis ketiga bekerja sama menggunakan jenis vaksin astrazaneca dibuka kuota hari pertama sebanyak dosis hari kedua dosis hari ketiga dosis,neg
pecinta sepak bola solo ayo ikuti booster suporter mei pukul wib persis store amp cafe syarat berusia gt tahun vaksin dosis ii gt bulan lalu ber ktp domisili solo raya melakukan registration walk in persis store,pos
melawan mei stadion gelora bung tomo surabaya kick off wib jadi ajang pemanasan liga bergengsi amp dinantikan pecinta sepak bola penonton langsung nonton tribun dgn syarat vaksin booster,pos
pengen jane ngepasi minggu barang aku rung minat vaksin pdhl seko official persissolo yo ngadakne vaksin sblum away rono wkwkwkw,neg
males vaksin e po hahahah,pos
anggota dpr ri mengapresiasi inovasi kapolresta solo memodernisasi peralatan kamera hingga layanan vaksin,neg
monggo seng ajeng vaksin boster depan hotel amarelo singosaren dr jam siang,pos
vaksin pertama njut vaksin boster ra bos kevin,pos
inpo vaksin boster magetan vaksin buat kesehatan vaksin gawe nonton persis,pos
pengen away rono meneh jek males vaksin booster wkekekke,pos
solo square peduli vaksin ayo lengkapi dosis vaksin solo square,neg
ayo lengkapi dosis vaksin wib lower ground samping hypermart solo square,pos
lah kok gituu kalo km puasa trus vaksin efek nya lohh khan kalo vaksin makan yg byk trus stl vaksin hrs makan biar gak efek drop nya,pos
berati km gak puasa dong kalo vaksin,neg
program sejuta vaksin bersama pc nu kota surakarta kementerian agama hari kamis sabtu tanggal april vaksinasi siang wib wib vaksinasi malam wib wib klinik bhayangkara jl slamet riyadi no surakarta,neg
mana ni vaksin mahal banget ampe jeti lu bayangin deh kalo gegara ni vaksin angka kematian indonesia gegara kanker serviks menurun drastis ape idup lo kagak tentram hah heran ayolah jangan jd orang terbelakang sih,neg
kanker serviks tu jd momok menakutkan gue aja takut gue yakin temen perempuan gue jg nya lu pade ngomong vaksin vaksin yodah kalo gak mau tu diem aje gausah koar sok tau,neg
rang orang sih heran kalo lu gamau vaksin yaude sono tp kalo ampe mitamit keluarga lu kena kanker serviks yg biaya nya aja muahal nya minta ampun jangan pernah coba ngeluh lu ye dikasih enak kagak bersyukur lo,neg
kebijakan bagus gini julid vaksin harganya mahal sangat berguna buat perempuan dikasih gratis malah julid,neg
sebwa testimony pasca vaksin sewurongatus tudey,pos
kelar bp ikutan vaksin sungguh bro brutal banget yg vaksin bahkan dokter disana udh aja antrian sekebon,neg
whoa hari sungguh nganu isip ditarik vaksin jadilah tandem sama ku kia pagi lumayan banya sampe pasien lanjut shift bp siang,pos
nunggu vaksin bayari bst puasa mau ngamokk tp kudu syahhbar,neg
vaksin tiga kok tangan kiri ku bengkak si,pos
rencana mudik ayo manfaatkan gerai percepatan vaksin polresta surakarta selama bulan ramadhan klinik bhayangkara jl slamet riyadi no surakarta hari siang jam wib senin sabtu malam jam wib senin jum at,neg
lebih aman nyaman ayo vaksin mudik lebaran berikut lokasi beserta jadwal vaksinasi semua puskesmas rs bung karno rs ibu fatmawati soekarno klinik pmi senin sabtu pukul wib,neg
halo vaksin dosis pastikan vaksin booster mudik source,neg
solo square peduli vaksin ayo lengkapi vaksin april lower ground sebelah hypermart solo square solo square,pos
linu kabeh bar vaksin az yaalah ra poso sik,pos
mau mudik aman selamat nyaman sehat vaksin booster solusinya,neg
vaksin sek mas e karo sepik,pos
pemkot solo memberi syarat warga yg minyak murah vaksin lengkap ditambah booster warga yg booster waktu bersamaan pendapi balaikota jg dilaksanakan vaksinasi booster massal warga memanfaatkan fasilitas layanan tsb,neg
bukan vaksin terapi beliau tawarkan melalui uji klinis benar vaksin sebenarnya ranah bpom idi fokus aspek etiknya beliau anggota idi,pos
mengding vaksin apa ga ush,neg
alumni vaksin moderna berakhir masa berburuku mencari booster jumat yg asyik memulai puasa yg gatau mulainya besok lusa,neg
percepatan vaksin polresta surakarta klinik bhayangkara jl slamet riyadi no surakarta hari selasa jum at tgl maret april jam wib syarat booster vaksin minimal bulan atas membawa fc ktp ktp nkri,neg
vaksin cukup x wae,neg
foto dulu sama mau pindah perth australia kalau pulang indonesia jangan lupa mampir vaksin yaa klinik kasih ibu sehati,neg
aku blm vaksin boster tetiba deb topup dateng ngelengkapi berkas akta meningoy istrinya kata istrinya meninggal tiba sehat aja tp kemudian vaksin terus meningoy aku apalah yg blm vaksin boster telen ludah,pos
yg uda vaksin booster gk fren,neg
padahal vaksin amp ngga sakit booster bekas suntiknya sakit mana kata orang kantor entar malem bakal makin nyeri sama demam,neg
subuh subuh baru terasa efek vaksin,neg
jng lupa makan dulu sebelom vaksin,pos
semangat vaksin,neg
baru tau pcr thailand mahal banget sampe juta vaksin disana bayar malah beli shopee,pos
lho aq minggu wingi vaksin booster nang kono,neg
izin bertanya min tetap antigen stasiun meskipun sdh vaksin kali krn kantor tetap mensyaratkan antigen utk perjalanan dinas,neg
disaat vaksin dosis kedua ketiga hari baru yg pertama,pos
paling presiden nyuruh vaksin biar imunnya kuat,neg
tontonan buat aku kemrungsung gk tenang smakin keras dlm celana ku keras otot nya trpegang bergoyang aman tuk pegang gk perlu vaksin syg buka an gitu pmerin aku aku nahan syg maaf dlm celana nakal tangkap lah syg pingin soneta,neg
durung vaksin i,pos
mutual yg vaksin booster nya pfizer ngga efeknya apa sama apa yg dilakuin buat ngontrol efeknya,neg
bos aku durung pernah vaksin kok coronane wes ilangi ki pie,neg
ha ha ha stock vaksin sama pcr menumpuk jiwa oligarki klo jadi pejabat kek begini rakyat jadi korban,pos
lengan kiri pegal habis vaksin booster badan capek habis kerja hujan deras ditambah mati listrik lengkap buat istirahat,neg
ibu ngefek ning eh ngefek ding luaper banget efeknya makan terus sama pakai az surat vaksin meski pedulilindungi langsung muncul,neg
vaksin kucing berjilid jilid,pos
nih yg pengen vaksin booster,neg
kabar gembira sekarang perjalanan domestik resmi antigen pcr selama dosis vaksin dilakukan,pos
airasia domestik udah announce ga perlu test covid kalo udah vaksin x yuk kai yuk,pos
info donk adakah faskes sediakan vaksin booster pfizer moderna solo,pos
vaksin booster astra otopat,neg
info vaksin booster solo dong guys,neg
info vaksin ketiga disolo mana,neg
liriknya sangat mewakili jeritan hati maju sini lo johnny suh w udah vaksin kali,neg
nek aq genah astra boy vaksin pertama kedua az kerjo yo nang lini usahane astra,neg
jam vaksin ketiga terasa efeknya,neg
booster vaksin kali udah dikasih paracetamol kali badan gak enak vaksin kemarin msh aman gara tanggal merah gak digunain buat kelayapan,neg
ayo belanja vaksin booster pasar klewer minggu februari,neg
ayo manfaatkan hari libur vaksin booster gelora bung karno minggu senin februari,pos
meninjau vaksinasi booster pasar klewer pelaksana polresta solo melakukan jemput bola pasar pasar kota solo berlangsung sejak rabu pelaksanaan vaksin dilaksanakan pasar klewer beteng trade center pusat grosir solo,pos
pelaksanaan solo square peduli vaksin percepatan vaksinasi dosis lanjutan booster astra zeneca solo square solo square,pos
klo gk ngadain vaksin gk byutiful,pos
habis vaksin booster,neg
satu kerjaan habis vaksin booster malah teler semua grup bada bilang gak kerja dulu karna sakit izin istirahat padahal aku vaksin ikutan izin maaf ye pak,neg
attention tempat terbatas htm available pre sale amp on the spot pre sale close h panitia amp pihak venue menerapkan standar prokes min vaksin x dilarang membawa makanan minuman luar cp,neg
lha dr dinas suruh vaksin,neg
uwess tp rung vaksin booster,neg
obi ikutan vaksin,neg
habis vaksin booster hawa dingin,pos
cuma demam bentar paracetamol cepat bertindak efek vaksin booster,neg
vaksin gaes sehat terus aman gak kena virus corona amin,neg
hihihihi lucu anet adek vaksin,neg
buat aku jangan ikutan tumbang yookk bisaa menuju vaksin booster,pos
vaksin sesungguhnya,neg
nambah gas kalo liat orang nyebrang jalan satu kebiasaan kaum bengek jamet lokal yg gua dapet pagi vaksin hobi nyelak kagak paham jalur antri katrok memang,pos
efek vaksin gini yak,neg
siap dah vaksin booster belom,pos
finally vaksin booster excited pol gaktau hahaha aman aja gais efek vaksin aku emang cuma ngantuk sama laper wkwkwk,neg
mas rey udah vaksin apa belom,neg
trus ngapain kemaren ngebet vaksin,neg
edan njarem kabeh awakku bar vaksin,neg
mau vaksin malah gabisa tidur bhaikk,neg
sebuah keuntungan kerja rumah sakit sehat mak bapak gausah repot cari vaksin booster antri kesana kemari,pos
hukuman tertinggi orang menolak vaksin cara divaksin,neg
jangan dihukum penjara terlalu enak kasih aja suntik vaksin langsung kali dirapel,neg
suntik vaksin x wae positif mbok suntik imf wae lur,neg
memenuhi panggilan vaksin booster,pos
semalem demam meriang pusing efek vaksin,neg
segera vaksin pelayanan kesehatan terdekat,neg
habis vaksin bayik sehat sehat lee rs pku muhammadiyah surakarta in surakarta jawa tengah,pos
aku ma fotoin tiket vaksin mama flash on,pos
teman kantor positif si omekron sialan udah vaksin x kena gejala demam sakit tenggorokan pusing lemas tetap jaga prokes jaga kesehatan wfh wfo,pos
suntik vaksin apa diremes preman,neg
efek dri vaksin booster apaan yakk spill dong yg tau,neg
dikeki obat soko nggon vaksin mental sidane prikso nggone lenggananku klinik cedhak unisri hadeh yas yas saiki kok ruwet men koe ndi sing disik kuat tahan banting,neg
ayo vaksin cegah varian baru omicron cegah penyebaran omicron,neg
vaksin kedua agustus jadi mungkin februari,pos
siap vaksin dosis,neg
vaksin tuh kek wc umum gratis,pos
cuma krl aja si kak yg penting udh vaksin aja wkwk,pos
grgr anti vaksin seeh,neg
aku tak nunggu info streaming wae mbok menewo enek xixiixi males nek kon swab wong wes vaksin x barang og,neg
dinas kesehatan kota solo memastikan semua siswa siswi sd negeri maupun swasta solo mendapatkan vaksin stock vaksin aman tinggal menunggu jadwal,neg
yuk vaksin sakit mending mencegah kan jalan jalan kota solo jangan lupa mampir utk vaksin tipoid yaa klinik kasih ibu sehati,neg
mengawasi mendeteksi pergerakan orang orang terpapar covid selama hari belakang mengunduh sertifikat vaksin sekarang benar benar dibutuhkan syarat bepergian transportasi umum,neg
makasie yu jum terima raportnya hari rabu skalian vaksin katanya,neg
akhirnya kyrie punya alasan buat ga vaksin wkwk,pos
dr suzy memaparkan orang menerima vaksin influenza qiv quadrivalent influenza vaccine tiv trivalent influenza vaccine memiliki kekebalan daya tahan tubuh lebih baik orang menerima vaksin influenza,pos
menghadiri pelepasan suporter persis solo berangkat sebanyak bus orang terdiri pasoepati ultras surakartans keberangkatan menerapkan prokes suporter wajib vaksin dosis swab antigen,pos
bukan ga aja kok vaksin pasca hs tp biasanya vaksin hpv dilakuin tes pap smear utk yg seksual aktif kalo blm hs usg perut aja,pos
baiknya sih mengusahakan vaksin hpv soalnya kalo sdh vaksin hpv yg pertama jarak bulan gaboleh hamil gt coba dikonsultasikan dg obsgyn terpercaya,pos
sepurane ndanku seng kleru ki asline pssi operator liga uji coba suporter ki minimal kapasitas stadion bukan orang tok gek syarat e njlimet wes vaksin x jek kon swab edyan asline pengelolaan ligane dewe ki,neg
uis vaksin aman,pos
untung partner jaga vaksin hari enak bgt hahahahahhaa,neg
tahun diharapkan semua masyarakat indonesia sdh vaksin sdh siap menerima wisatawan luar negeri investor dr luar negeri krn dgn datangnya investor diharapkan dpt menyerap tenaga kerja tenaga ahli dgn ekonomi naik,pos
semoga betul varian omicron masuk indonesia yuk berhati hati ketatkan prokes dukung vaksinasi info varian kebal vaksin t,pos
mahfud md kabupaten batik cakupan vaksin covid terendah se jatim terakhir gue diejek sama temen kantor,neg
kak cik eye brandnya bali framenya dibuat kayu skateboard bekas liat ignya kak,pos
kali vaksin ampuun tensinya tinggi teross kurangi begadang kurangi garam perbanyak air putih perbanyak olahraga perbanyak makan melon bismillah,pos
vaksin booster moderna lumayan jg efek kipinya,neg
judulnya yg brengsek tp isinya wajar org yg sdh vaksin taat prokes sedang yg unvaxed tdk taat prokes,pos
vaksin x kartu vaksin sari puskesmas setempat mau unduh sertipikat vaksin keterangan jenis vaksin temukan solusinya bagaimana,neg
sekarang ayah jg gamau vakasin tensi jg tinggi komorbit jg plus selama blm jaminan dr rumah sakit yg ngevaksin kl apa mau nanggul segalanya termasuk utang usaha wkwk yaudah mudur alon aja yg nyuruh vaksin,pos
sekarang jg bangsal cuci darah semua pasien ditarget vaksin dokter pendamping jg dokter umum padahal rata pasien hd komorbitnya berat harusnya yg turun dokter spesialisnya yg lebih tau,neg
vaksin corona lama lama buat bayi tuh bakaln,neg
mendengar beberapa pengakuan warga penerima vaksin sangat antusias lantaran vaksinasi solo mudah kendati berasal luar kota tetap komitmen kebut vaksinasi kebut pemulihan ekonomi tumbuh tangguh bangkit lawan pandemi,neg
satu betapa kuat efectivenya netizen kelompok penekan mempengaruhi kebijakan pemerintah naik pesawat cukup antigen penerima vaksin corona dosis lengkap aturan berlaku mulai hari november,neg
rakyat menangis bu katanya dulu vaksin sj cukup kalo cuma bepergian darat ga jauh jauh sampe kpn sih pemerintah ga kasihan rakyat bohongin trs keknya negara berusaha bahagiain rakyat pandemi gini tp dirasa rasa in indo nyengsarain trs,neg
mmm sabtu pagi yg indah sedikit mendung angin sepoi berhembus balai nampak ramai warga yg ikut vaksin pulang berenang rumah mengalun lagu indo lawas radio yg disetel papaku barusan baru lewat indera dengar yg pernah dipopulerkan olh d,neg
tetap bikin kesel waras vaksin penting jaga kesehatan masing,neg
jangan panik dulu mungkin adanya kesalahan memasukkan nama lengkap nik nomer ponsel simak video cara mengurusnya cara mudah menerbitkan sertifikat vaksin terkendala,neg
melakukan vaksinasi covid sertifikat vaksin keluar aplikasi pedulilindungi padahal sertifikat vaksin dibutuhkan menunjang mobilitas mengakses fasilitas publik coutesy,neg
brarti dee ora vaksin,neg
diwanek wanekne suntik vaksin ben kuat awake jebul seng diserang atine remukk joooo,neg
dok minggu lalu sy mau jakarta vaksin dosis alhamdulillah sehat waktu scand screning apk pelind emg daftar riwayat swab antigen baru terbang makanya disitu muncul kata layak bepergian dgn pesawat rada aneh jg sih,neg
vaksin lengkap skrg mau mburjo,pos
the underdog buffed by vaksin moderna ggwp,pos
set set set set buff vaksin moderna,neg
mjb vaksin mbak makasih,neg
kemarin grab pembagian sembako pas datang ternyata yg vaksin lha ikut vaksin grab ditolak gara ktp semarang amp ikut vaksin pakai astra zeneca yg vaksin nya baru besok,pos
info vaksin astra zeneca dong zonk mulu nih abis kuotanya nyesel ambil astra tau gini sinovac aja,neg
barusan vaksin kedua,neg
ga tau sih vaksin kok penggunaan massal nya cepet banget,neg
nganyari sertifikat vaksin karo perdana numpak krl,neg
yuk vaksin semangat vaksin mencegah lebih baik mengobati vaksin lindungi,neg
kelompok remaja mencapai juta orang adapun juta antaranya mendapatkan dosis lengkap kali suntikan vaksin lindungi,pos
informasi nih hingga oktober juta lansia mendapat vaksin dosis pertama juta lansia mendapatkan dosis lengkap vaksinasi vaksin lindungi,neg
nah menentukan idikator level ppkm suatu daerah salah satu parameternya capaian vaksinasi umum capaian vaksinasi masyarakat usia lanjut vaksin lindungi,pos
beberapa daerah cakupan vaksinasinya rendah dosis satu maupun dosis lansia daerah diantaranya sumatera barat aceh papua maluku utara vaksin lindungi,pos
proses vaksinasi terus dilakukan sekarang pemerintah terus mendorong pemerintah daerah capaian vaksinasinya rendah terutama kelompok masayarakat rentan lansia vaksin lindungi,neg
seluruh pos pelayanan vaksinasi unit pelaksana teknis bawah kemenkes kantor kesehatan pelabuhan kkp rs vertikal poltekkes bawah kemenkes instruksikan menyelenggarakan vaksinasi semua kolaborasi dg baik vaksin lindungi,neg
oiya program vaksinasi dilakukan semua target sasaran memandang domisili tempat tinggal ktp jadi semua mudah vaksin nih vaksin lindungi,neg
pemerintah mengajak seluruh masyarakat segera divaksinasi tercipta kekebalan imunitas perlu pilih pilih vaksin semua vaksin aman berkhasiat yuk sama sama sukseskan vaksinasi vaksin lindungi,neg
patut bersyukur nih pemerintah terus mengupayakan ketersediaan vaksin baik lewat skema multilateral maupun bilateral mencukupi stok menjaga laju vaksinasi sesuai stok vaksin vaksin lindungi,pos
kedatangan vaksin kontinu indonesia menunjukkan stock vaksin tanah air aman mencukupi percepatan vaksin mencapai target terlaksana akhir tahun yuk indonesia vaksin lindungi,neg
vaksin dikirimkan langsung provinsi memperpendek rantai distribusi mempercepat akses pemerataan berbagai jenis merek vaksin seluruh masyarakat proses vaksinasi semakin cepat dilakukan vaksin lindungi,neg
vaksin pfizer tiba indonesia melalui bandara soekarno hatta juanda jawa timur,pos
oiya pembelian vaksin menjaga stock vaksin fyi indonesia menerima vaksin baik bentuk bulk bahan baku maupun bahan jadi,pos
jangan abai deh mencegah lebih baik mengobati hayo siapa vaksin nih,neg
nah selalu patuhi prokes perlu vaksin nih vaksin vaksinasi lindungi semua,neg
keknya yg demam abis vaksin kok gada kabar,neg
info vaksin seng petugas nyuntik e gelm moro omah,neg
papa said kelar vaksin pulang dong,neg
vaksin dah,pos
vaksin dah sih kak daerahku,neg
aku baru vaksin pertama,neg
betul yg luruskan jangan terjadi pemaksaan vaksin kpd masyarakat,pos
sabar dok saling menghargai yg vaksin monggo yg tdk vaksin monggo,neg
efek vaksin ancen marai kemronggo po ki,pos
persaingan obat covid semakin ketat semakin banyak obat covid semakin bagus rakyat spy tdk menjadikan vaksin kewajiban,pos
min mohon info utk penerbangan jog tujuan upg antigen klo vaksin dosis,neg
mens gue ga aturan vaksin lagian jauhan anjir,neg
pakai pin kulo sampun vaksin,neg
vaksin kedua kok berasa lebih sakit sama berasa banget efeknya,neg
lah mau vaksin kudu pcr dulu,neg
monggo butuh vaksin,pos
leren o mbah desember wis nganggo penonton syarat vaksin x,neg
vaksin,neg
hari pas longgar ikut memriahkan vaksin kantor kalurahan mandan kec kab sukoharjo,neg
vaksin kedua lebih ketata good la,pos
weh la kae rung vaksin to kak,pos
efek vaksin dosis tidur,neg
mentang wis vaksin komplit,pos
kalau parosmia apa ikut vaksinasi banyak penyintas gejala tersebut ikut vaksin,neg
vaksin dosis siswa man surakarta tersebar beberapa rs dikota surakarta man surakarta,neg
ma sertifikat vaksin,pos
alhamdulillah dosis vaksin selesai sehat selalu semua semoga ikhtiar segera lepas pandemi covid aamiin,neg
udah vaksin mbah,neg
nganter vaksin pajaknya nonton xxi solo paragon seharian jadi sopir pp purwodadi solo kalian ngijoli waktunya ibu selalu pulang malem,neg
asyik dah vaksin dah masuk area bioksop angelina jolie kan eh,pos
jadi gini rasanya deg an daftar vaksin,neg
koncoku iso nde mlebu mall ra vaksin bermodal celana suwek ngaku ra ndwe hp inisiale ulinnuha,neg
udah sih baru x bioskop buka masa ppkm nonton shang chi gpp baru x vaksin masuk area bioskop,neg
terharu bgt liat ibu bapa lanjut usia bahkan yg berpenampilan sangar bertato semangat vaksin detik detik dosis terakhir,neg
kalo aku tadi mbak aku baru vaksin x,pos
ditanyain sakit gak pas suntik kedua vaksin aku jawab enggak lebih sakit suntik alergi sus,pos
cerita lucu pas vaksin lah dikira aku jomblo diajak kenalan anak kelahiran wkwk pas tau aku dah punya anak lah kaget gak tuh,neg
pokoke top markotop vaksin vaksin berharap sertifikat digadaikan,neg
maaf jbjb udah vaksin sama steril,pos
gak sih habis vaksin moderna sakit punggung,pos
mau disumbang vaksin dri china,neg
vaksin wow,pos
efek njarem abis vaksin emang selama dah hari ngga ilang ilang malah makin menjadi,neg
hbs ashar ntar jam acara keluarga hotel bokap yg bwp solo baru setelahnya malem hrs otw pulang sana lg krn bsk siang mau vaksin booster sekeluarga bsr rmh pamulang amp rmh solo baru yaa smg baik aja nih fisik gak kecapekan dg segala agenda yg sangat padat,neg
gak sih vaksin sinovac kali next time nambah vaksin ketiga moderna aztra,pos
meninjau vaksinasi tirtonadi kerjasama sasarannya pekerja khususnya bpjamsostek mitra grab penyandang disabilitas antusias warga luar vaksin terima kasih jaga kesehatan selalu,neg
antri screening vaksin petugasnya cantik bgt pakai hoodie warna apa biru muda ungu ngga tau ngaraninya warna apa,pos
meninjau vaksinasi its pku muhammadiyah mengajak masyarakat solo vaksin ayo segera vaksin perlu takut vaksin aman halal jumlah stock vaksin terus tersedia lihat video gibran rakabuming,neg
daerah bnyak yg blm vaksin ndoro wilayah grogol sukoharjo jateng salam sehat ngih pak senajan mu kalah ttp abang,pos
mau vaksin ditolak rasanya kyk ditinggal pas sayang nya,neg
sesusah nyari vaksin non domisili disini sekalinya baru buka pendaftaran ngga sampe menit dah ludes aja,neg
laah mending gak usah dijatah vaksin aja alihin daerah msh bnyak yg menanti jatah dpt vaksin koq aku yg musti sabar blm kejatah kuota vaksin,neg
naiknya darimana kalo naik krl cuma vaksin kalo jarak jauh pake swab pcr antigen,pos
susah bgt sii nyari vaksin non domisili jauh ktb solo rugi sekalii kl ga join kuliah offlenn,neg
punya sertifikat vaksin kepake buat naik,neg
akhire gunanya ikut vaksin buat kesehatan,pos
masalahnya naek krl aja kudu pake vaksin sekarang wkwkw,neg
maturnuwuun pak presiden hari anak ragil diberikan kesempatan vaksin bersama teman nya alhamdulilah,pos
hari tadi anak ragil vaksin bersama teman sekolahnya wa group teman kuliah surabaya share vaksin massal program vaksinasi pak emang top markotop kerja kerja kerja,pos
nyari vaksin susah ngga pake ktp solo raya,pos
kak besok pagi ditempat yg sama vaksin kedua td udh kedkt liat infonya,neg
aing aja vaksin gegara nunggu moderna pfizer malah udh komersialisasi kan aja,pos
bangga punya duit bangga udah vaksin,neg
jumat besok anak ragil giliran vaksin dikoordinir sekolahnya pak gub alhamdulilah,pos
kartu vaksin iku wis nyalahi kodrat demokrasi,pos
habis vaksin mam escrem gag,pos
outfitku vaksin kemaren aku pake kaos putih pendek,neg
pak wali ktp warga kra tapii sdh lbh th tgl solo kost kerja solo interaksi solo makan tidur hidup solo bs terima vaksin koq dipersulit tak gmn pak hari coba yg rumdin wawali jg ditolak ktp,neg
tetep dodol bar vaksin sebuah kesalahan,pos
nek mlebu y nganggo kartu vaksin po ra min,neg
semangat pagi min penerbangan solo jakarta syaratnya apa min calon penumpang vaksin sedikit masalah kesehatan dibuktikan surat keterangan dokter mohon infonya min terimakasih,neg
pagi min penerbangan solo jakarta syaratnya apa min kalau misal blm vaksin sedikit masalah kesehatan bagaimana surat keterangan dokter mohon infonya min terimakasih,neg
fungsi tambahan sertifikat vaksin,neg
orang disekitar gue lg sibuk cari vaksin pfizer moderna gue sendiri yg cari tau info vaksin nusantara masa indonesia ekspor vaksin nusantara berjuta juta turki orang indonesia sibuk import vaksin yg jelas mengandung stell minyak babi aneh ra si jane indonesia mu,pos
min mhn maaf kapan vaksin yg kedua jenis astra yg diadakan digedung warastratama terakhir vaksin tgl juni smpe skg kabar yg menyelanggarakan rs dkt makasih min,neg
duh tambah lawak adek geger gamau vaksin malah request vaksin puyer apa sirup plis vaksin bukan paracetamol,pos
gas ngreyen kartu vaksin,neg
meninjau vaksinasi pelajar politeknik turut memastikan kondisi warga sehat divaksin keluhan target akhir bulan warga solo vaksin lihat video gibran rakabuming,neg
vaksin dr bulan juli gaes,pos
jam ngantri vaksin tensi naik bukan apa kesel aja lama banget yalord,neg
aku wis vaksin ayo piknik adoh,neg
korban vaksin siapa yg bertanggung jawab,pos
pasar gayeng alhamdulillah dah vaksin semua warga pasar notoharjo pak ekonomi mulai jalan cuaca cerah warga mranak murah tur apek bakulane,neg
iki mergo evek vaksin opo aku sing lemah yo rosone ora dang ilang kemeng bats,neg
meninjau pelaksanaan vaksinasi santri rs kustati pak memerintahkan stok vaksin tersedia segera digunakan siap gerak cepat distribusikan vaksin warga lihat video gibran rakabuming,neg
boro boro dapet vaksin orang kemarin vaksin x aja kaga yg anter gada yg antri krn dateng telat bener seorang diri menghayati banget ra sih jomblone,pos
vaksin x protokol kesehatan jalan terus lalu apa jaga diri keluargamu risiko penyakit lainnya penyakit kritis fwd critical armor proteksi risiko finansial penyakit kritis,neg
min kalo vaksin menyusui minta surat keterangan dokternya kepuskesmas apa,neg
istri direkomendasikan ama dokter jenis vaksin p yg aman penderita eb autoimun waktu tanya orang puskesmas kapan p masuk kota malah dijawab gak usah pilih pilih vaksin mas semua sama kalo sama ngapain tanya dokter kasus autoimun,neg
alhamdulillah udah vaksin,neg
kalo vaksin bandara cuman dapet dosis setahuku ketersediaannya ga banyak tp coba aja sih barangkali kondisi balikpapan beda sm jawa,pos
nyandi kudu vaksin,pos
vaksin pertama,neg
enggak sakit sih pas suntik yg bikin susah kipi nya aku malem abis vaksin demam pusing sama lengan yg disuntik sakit banget sampe gak tidur sekarang alhamdulillah mendingan pusing dikit,neg
pulang kerja tidur cepet besok gas colomadu buat vaksin besok pagi bangunin,neg
lha gubernurmu lak meh gawe gelang bukti vaksin to nder wkwkwk,neg
abis vaksin jon wkwkw,neg
done ncovid ncovid tahap puskesmas manahan,neg
min kok vaksin imunisasi bayi dpt disemua puskesmas bidan desa kok kosong,neg
vaksin jgn lupa,neg
aku kelingan ndue mbak sepupu dokter ditakoni wes vaksin rung tak jawab wis nggo sinofakk le nyauri malah vaksin kok nggo sinofak biarang penting iso numpak pesawat mbak jawabku ngono,neg
siap vaksin lindungi diri lindungi negeri,neg
info vaksin wangon banyumas purwokerto ajibarang raya,neg
thanks ppkm sekarang orang berlomba pengen vaksin biar masuk mall,neg
dialog dr terawan dg komisi vii vaksin nusantara yg dipersulit uji klinis,neg
sungguh aneh klo negara mmpersulit vaksin karya anak bangsa sendiri,pos
meninjau vaksinasi kelompok rentan puskesmas ngoresan dosis diberikan masyarakat riwayat berbagai penyakit komorbid jangan takut vaksin aman halal check out gibran rakabuming s video,neg
seseneng dapet surat layak vaksin naik kereta yeay,neg
ibu hamil dipersulit buat vaksin sih aja halangannya,neg
pulang kerja sempet tidur dah surih nganterin vaksin,neg
jurgen klopp udah vaksin kedua,neg
artinya bisnis vaksin impor jalan terus,neg
mohon maaf min bertanya seputar pcr repid antigen vaksin dosis pcr repid antigen disetertakan kedua duanya memilih pcr rapid antigen min terimakasih min,pos
min mohon maaf mau bertanya vaksin dosis daerah jawa apa menyertakan pcr min minta pencerahannya min terima kasih sesudahnya,pos
vaksin nusantara yg hebat karya anak bangsa tdk direspon dg baik penghianat bangsa yg sesungguhnya antek komunis,pos
gelem vaksin gawene wedag wkwkw,pos
lol biyaya lockdown justru nya biaya ppkm tong lu kira ppkm gak makan biaya psbb gak makan biaya justru kalo alesan biaya napa majority vaksin indonesia pake sinovac az cuma harganya belom lisensi nyatanya pake sinovac paling banyak alesan aja,neg
eo sangat dibutuhkan alur penyuntikan vaksin deh pak,neg
yey vaksin,neg
memang mantap sekali habis vaksin langsung lembur,neg
kalo hamil gimana dong min masa vaksin,pos
mhn maaf min minta info vaksin buat ibu menyusui nyari yg menyelenggarakan,neg
efek vaksin herpes,neg
baru bulan lebih minggu sembuh dr gejala covid mas kmaren vaksin moderna ga gejala yg mengganggu aktifitas,pos
film pendek vaksin palsu tayang youtube burhan family bisnis,pos
parkiran pasar klewer wes membludak ekonomi mulai jalan ppkm monggo pak longgar ka masyarakat taat maskeran vaksin ditingkatkan,pos
nganter momi vaksin cok jane aku yo mls,pos
efek vaksin,neg
klo pelayanan vaksin nusantara dmn dok,pos
ujung nya berlindung dibalik taat prokes udah vaksin gapaham lg yg modelan kaya gitu,pos
info vaksin gratis wilayah sragen,neg
vaksin mulai pusing,pos
ngga tau pernah vaksin,neg
melangkah vaksin,neg
emang ampuh bener vaksin moderna bikin orang ngk kuat ngapa in sangking bikin ngilunya,neg
lucu papaku super takut sm yg berbau dokter pas mau divaksin kayak udah stress duluan ditensi sampe dokter tenang pak gapapa bapak takut sok coolnya muncul blg engga h tp tangan keringet dingin hahahaha tp akhirnya vaksin krn uda normal wkwk,pos
nyokap tp yg gmpg kepikiran jd ngaruh banget semingguan kayak trying to make her hepi apalah gitu ngapain w bantu cek tensi jg tiap hari sampe akhirnya udah normal puji tuhan baru deh tenang mau vaksin puji tuhan sehat lancar,pos
case sm ky mamiku kmrn sampe endingnya w beli tensimeter nyokap cekup internis minta saran blh vaksin ga krn emg ad komorbid kata dokternya tp kondisi mm tensi super tinggi sampe gilak emg,pos
pelajaran nih sblm vaksin siapin kondisi bener jgn maksa klo riwayat hipertensi obatnya diminum yg rutin maintain terus tensinya better punya alat tensi dirumah jangan stress kurangi triggernya,neg
tinggal berangkat vaksin aja susah,neg
vaksin kiri pegel kanan,neg
oke efek vaksin kedua lebih njarem lengan sama hawanya lapar lucu nyawang adik adik maba fk belajar bicara ruang observasi malu malu,neg
vaksin done,neg
fungsi sertifikat vaksin yg dicetak apa si,neg
silakan vaksin bareng,neg
doblang kon vaksin kae run moso wedi jarum sontek,pos
gelora bung karno manahan,neg
abis vaksin rasanya gimana gak gimana sumpah kcli dapet dokter nyuntik nya kayak nyuntik kebo,neg
per agustus melakukan vaksin ibu hamil melalui puskesmas sesuai domisili bumil dosis dilakukan trimester kehamilan dosis disesuaikan interval vaksin digunakan simak video lengkapnya,neg
allhamdulilah lancar vaksin,neg
rasah vaksin,pos
bikin link pendaftaran vaksin niat ga sih heran deh gw,neg
yoes nunggu vaksin seng semprot ngko nek wes enek tak japri,pos
wingi wingi dtawani vaksin garek teko wegah kas saiki bingung golek vaksin,neg
protokol kesehatan pas piala menpora jalan pemain pelatih staf semua vaksin main swab semua orang area venue pakai masker penonton bus menggunakan bus bangku bus isi pemain,neg
lho yg jd masalah lagian kan skrg dudah e ktp gitu lho semua kan warga negara gak mungkin jg mo vaksin berulang ulang klo jatah blt yg tipu kadang keqi jg dg model kebijakan begini kan mengejar kekebalan imunitas katanya,neg
blm dpt giliran tiap kali reservasi penuh terus kuota pingin segera vaksin nih,neg
smua vaksin waktunya yg enggak,pos
kiamat dekat jerinx sid bersedia disuntik vaksin corona,neg
pertama bagaimana punya dosis vaksin notabenenya vaksin kelola negara kedua gratis masyarakat kurang mampu bukannya gratis semua ketiga siapaaa,neg
selama punya identitas kia ktp warga solo silakan vaksin solo,neg
program begini knp mesti cuma dki sih pemimpin daerah koq gak dibantu yg butuh vaksin bukan rakyat dki,pos
vaksin nyuntik e koyo ngaduk glepung diublek ublek jarume sek ng njero kulit suog,neg
pake undangan vaksinn soale aku mau vaksin,neg
tdi aku vaksin cuma nunjukin undangan doangg,pos
aku vaksin doangg,neg
ayo dong yg udah vaksin naik krl,pos
senin vaksin knp deg annya udh mulai dr skrg,pos
kayak vaksin dr ums kapan lalu post ig buat semua ktp pas hbs isi gform tyt cuma ktp surakarta malah diarahkan masuk grup tele panitia anak bem infonya ga jelas berubah dataku gimana hmm,pos
vaksin covid dilakukan masif kebawah minimal kelurahan digerakkan tiap gitu ben ndang rampung,neg
hari ne aq vaksin hadew biyoh suntik,neg
ngurus pindah vaksin dosis kedua aja udah kek simulasi pindah ktp bgst lempar sana sini asw,neg
aku sinovac ga ngerasa efek apa vaksin kalo bapakku bbrp kluqrga tmenku dapetnya astrazeneca malem abis vaksin langsung demam tinggi seharian,neg
jujur pak tertarik mall kalau syarat apa vaksin mbok persediaan wilayah lihat apa ngk,pos
hbs vaksin ngopi gak to,pos
mas ojol angkringan a koe ga vaksin po b wegah medeni og malah do loro a heleh mung mitos kui nek mitose bar vaksin ngaceng mesti koe sik dewe jingan og,pos
sori salah yg tadi vaksinasi bukan vaksin,neg
mangkat vaksin malah tertolak kleru tanggal,neg
non domisili daftar kuota penuh terus sedang perjalanan membutuhkan sertifikat vaksin,neg
memanfaatkan mall ditutup selama ppkm menjadi lokasi vaksinasi warga solo diharapkan memberi kenyamanan penerima vaksin percepatan vaksinasi,neg
ngantri vaksin koyo ngantri tekaning jodoh,pos
efek pertama vaksin astra ndek kae meriang hari wkwk trus vaksin kedua belom nunggu sampe tgl agust,neg
alhamdullilah banget habis sidang langsung vaksin jadi bener bener hibernasi,neg
siapa yg bilang gak mau noh kota awal buka vaksin antrian bludak mayoritas yg cari info vaksin malah pekerja luar kota yg merantau soalnya ktp luar,pos
vaksin efek ketiga efeknya ko gini,neg
hahaha ceroboh bgt bisabisanya salah tgl vaksin terlewat untungnya ttp heuheu,pos
dapet vaksin az istri demam kakak sama adik ipar demam akunya enggak apa disuntik air gula,neg
menggenjot sasaran vaksinasi kelompok pemkot solo mengadakan layanan mobil vaksin keliling beroperasi sejak juni lokasi berbeda lebih warga pralansia lansia mengikuti program,neg
info vaksin colomadu karanganyar dongg,neg
bener ga katanya vaksin suntikanya lebih sakit,neg
vaksin kedua melakukan donor darah selang berapa minggu,neg
sabar njir mau vaksin kedua dlu baru mau mikirin jkt,pos
lemes beb senin aku vaksin,pos
vaksin khusus nakes,neg
mohon info utk layanan vaksin stasiun solo balapan donk terima kasih sebelumnya,neg
dapet kuota vaksin dosis pertama pengen,pos
barcode kartu vaksin isinya apa,pos
selesai uas leha leha selesai uas vaksin,neg
pawang vaksin kudu semangat ra sambat,neg
semangat vaksin mbak,neg
rasa malu amp kepentingan kelompok idi amp bppom dr terawan sang penemu vaksin nusantara,pos
g paham aku emg grup vaksin,neg
vaksin pertama apa,neg
segera vaksin ojo ditunda tunda,neg
owalah iki sing vaksin awakmu tho kirain pitikmu,neg
sobat soloraya butuh info vaksin follow instagram yak,pos
udah vaksin dapet diskon kokumi ena bgt,neg
yaampun ngeri betul mana bang jago menantu idaman sok galak anjir ibu samping gue sampe shock aduh mbak kok pake teriak teriak vaksin deg degan takutt,pos
terus aku cerita mama plus nanyain ga sih koordinasi pusksesmas bang jago menantu idaman kui trs mama jawab gaenek koordinasi blas wkwk konsep e vaksin hadapi lakoni ckckck,neg
tadi aku vaksin nganterin sahabat e mita sm adekku vaksin massal yg judulnya sih idaman e cah cah plus bang jago kerjasama puskesma tempat mama kerja sampe sana jujur kaget,pos
blm vaksin gak naik ka pesawat gmn dong,pos
vaksin kedua beres alhamdulillah semoga pandemi segera pergi,neg
vaksin vaksin vaksin yok enggal vaksin enggal mantai estu kepengin holiday lurr,neg
koyo aku golek vaksin ngungkuli golek gawean kudu orang,neg
ning kantor ning kopinan ning tempat vaksin ning gym playlist lyodra pesan terakhir ngasi apall,neg
tepat pilihannya vaksin lebih terjadwal disiapkan terutama memiliki comorbid lakukan terlambat persiapkan stage kalahkan stage,neg
btw orang kantor ane yg dulu anti vaksin akhirnya kmrn ikutan vaksin,pos
banyak pt yg nyuruh bahkan mengultimatum karyawannya vaksin nyari sendiri miris pak,neg
makanya mama males bgt ngedukasi orang yg gamau vaksin katanya ngapain orang vaksinnya tuh ga sebanyak yg digembar gemborkee wkwk org yg bebal gamau vaksin biarin aja yg pengen vaksin aja banyak kok,neg
udah vaksin belom sakit lho badanmu ditusuk jarum chat berakhir wkwkwk,neg
baru tgl besok vaksin pertamanya soalnya dr kmarin kyk flash sale booking kuota vaksinnya,neg
dosis vaksin pertama sama kedua beda ngga sih,neg
kata sape sini mau vaksin rebutan dulu,neg
vaksin dosis done,pos
samsoyo ora dong jare stok vaksin jt lha saiki mana kehabisan vaksin,neg
nek g kyo sistem pemilu kae lho kan rt moro ng satu tempat jadi vaksin e luweh cpt pengen ku ngono,neg
tanggal bapak vaksin kedua mama vaksin kedua aku sama cella vaksin kedua yuk bismillah keluarga pak slamet sehat sehat terus,neg
kalo vaksin g dijatah rt jadi petugasnya yg muter keliling rt buat suntik gitu kan otomatis udah langsung vaksin semua jadi lbh cpt gitu,pos
kok malah nyalahin vaksin,pos
aku mau dikon milih sedurunge vaksin mas ironman spiderman karo leck man trus aku pilih de e sing nompo aku onone,neg
ameh sok sok an idealis anti vaksin nan bareng dikon seko kantor yen ra vaksin rasoh absen akhir e yo mangkat jilakk,pos
vaksin dlu bor,neg
aku lali kertas vaksin ku tak dokok ngd,neg
iya jg aku khan ngegym trus org rmh chat kasih broad cast abis vaksin sejml ibu parti akhir nya kena virus yg meninggal yg koma trus aku nanya temen ku yg dokter tp tugas disby bilanh jg gak cape kudu dirmh,neg
efek nya stl vaksin tuh ngantuk trus pengen makan mulu trus lemes gitu badannya kalo pas kerja longgar maksudnya gak byk kerjaan tp pas fitness biasa aja biasa fitness aku pake suplemen tambahan aku pake fast full bwt ngimbangin partner ku,neg
aku malah abis vaksin trus sorenya fitness pake beban berat soale aku bareng partner kuu malahan gpp tuhh,pos
proses penerbitan sertifikat vaksin pedulilindungi app jg cepet banget beberapa jam vaksin terbit unduh rencana mau dicetak laminating sendiri takut privasi data bocor klo pake jasa cetak kartu meski dah bocor paling darkweb,neg
pas vaksin pertama menit abis vaksin langsung pegel lengan yg kedua nyaris ga efek samping apapun beberapa jam vaksin yaa biasa aja ngantuk sih wajar lha semalem begadang laper wajar lha blm sarapan,neg
liat pake mata sendiri pas cairannya masuk sensasi ngilu yg gimana gitu abis proses vaksin nunggu bentar surat keterangan dikasih kemudian beres deh,neg
sempet beredar video beberapa waktu lalu yg cairan vaksinnya ga disuntikkan cm nancepin jarum aja karna insekyur jadinya vaksin dosis kedua ku liatin proses nyuntiknya maap bukannya aku tak percaya sus biar lega dikit hehe beneran divaksin kok,neg
prosesnya kurang lebih sama kayak vaksin pertama amp lebih cepet bagian screening tensi malah lebih tinggi sampe ditanya dokter muda kan maap klo vaksin terjadwal ga dadakan gini gampang kepikiran aqutu dok,neg
vaksin dosis kedua selesai h sempet bingung lokasi vaksin sms nya dulu kalau lokasi kedua klinik polres untung iseng nanya admin pak pulici ig polres surakarta bener lokasinya tetep lokasi vaksin pertamabalaik,neg
si adek brisik pol blm dpt sms sertkfikat vaksin,neg
inpo vaksin non domisili bre,neg
vaksin campak wes ben kalo dicampakkan iku ora ngrantes,neg
matur nang ibukmu rapopo telat vaksin sing penting imun ra gampang cidro,neg
habis vaksin nafsu makan nambah kenceng makan terus tp gabisa gendutt anjir wkw,neg
yo ngisi form vaksin monggo,neg
pas dateng mau vaksin antri isi form bawa fotocopy ktp verifikasi tatap muka memang mantap indonesia tercinta,pos
yok berminat vaksin malam pkl dibuka pendaftarannya hari vaksin kuota orang orang per hari sing penting berusaha,pos
yeaa siap menerima vaksin,pos
logika yg vaksin x aman perlu tes sana sini jd pertanyaan kalo vaksin x tp tetap tes hasilnya positif terus kapan pandemi selesai,pos
apa vaksin sinovac sinovac merupakan nama perusahaan biofarmasi asal beijing memproduksi vaksin bernama coronavac jenis inactivated vaccine coronavac bekerja menggunakan partikel virus dimatikan,pos
iyo ki alhamdulillah mugo ndang tambah akeh vaksin centre e,pos
nyari vaksin susah setengah mampus,pos
ayo vaksin,neg
cara berpikir aneh begini mengakibatkan disinformasi soal covid isu ambulan kosong muter muter akhirnya ambulan lewat dilempar isu vaksin memasukkan chip akhirnya banyak yg anti vaksin byk yg meninggal rs yg disalahkan rs logika ajaib nitizen indon,pos
bar vaksin tiga kok efek e lemes ngene,neg
aku tp vaksin coz stok vaksin az sampe oslo,neg
lha mau vaksin lewat endi must coba lapor pihak sing gawe vaksinasi sing mbok parani,neg
edukasi mmg semua ttg vaksin kurang edukasi masyarakat desaku vaksin pertama oke tp stlh mau vaksin kedua g mau krn sdh kena hoax yg beredar dimasyarakat smga dipermudahkan,pos
jadi vaksin tetap prokes mana tinggal bawa kartu vaksin bukan hasil swab antigen pcr,neg
mobil vaksin tiap puskesmas seluruh indonesia jemput bola hari pindah rt vaksin tuh seada adanya orang yg divaksin biar cepet target marketing minimarket aja kalo kejar target jemput bola kok,neg
baru sebulan disolo males vaksin swab kl mo balik,neg
vaksin o saiki mumpung isine chip nek taun ngarep krungu isine kacang ijo karo coklat,neg
vaksin sek berbentuk kapsul ono ra to asuog pengen vaksin wedi jarum,neg
vaksin kok aku merasa transfer data jadi cepet banget via infrared,neg
efek vaksin laperr ngantuk bukan efek mah emang kebiasaan aja kalo ga laper ngantuk,neg
klo habis vaksin apa donor plasma bro,neg
berakhir wedyan seneng banget akhirnya vaksin hwaa wkwk,neg
info vaksin,pos
nurunin tensi waktu menit gimana guyss kasi solusi dongg pusing gabisa vaksin grgr tensi tensi,neg
yukk vaksin yukk doain guyss wkwk,neg
semoga pemerintah kian massif memberikan vaksin covid ditempat nyaman disiplin protokol kesehatan ikuti sosial media ig sukoharjo fb pku sukoharjo twitter youtube pku muhammadiyah sukoharjo website,pos
yg ga percaya vaksin plis diem aja jangan koar tulisan mu membahayakan buat nakes kalo ga biasa nanganin covid plis jgn lgsg panik dger cerita pasien panikmu membuat org ga percaya sm rs,pos
awal mau siap vaksin pak daftar ol selalu trjawab kuota full pdhl batu jeda gak menit link reservasi dibuka gimana donk pak solusinya,neg
benar mas pdhl sekarang apa hrs nunjukin kartu vaksin yaa,pos
vaksin sukoharjo apa kabar,neg
istri tenaga medis kok cara omgnya spt tdk paham tujuan vaksin bersyukur lu ud dpt vaksin yg dpt vaksin byk kesusahan mendapatkannya bersyukur jg udah vaksin lu udah terpapar n skg msh hdup bs ngetweet lol,neg
vaksin banyak yg mati,pos
bilangin aja mas kalo sertifikat vaksin ngambil bansos,neg
disini major issue vaccine availability banyak yg menganggap vaksin bagian politik,pos
vaksinasi karanganyar lewat pintu min dinkes lik yg sediakan dinkes baru menit kuota langsung full antusias warga vaksin besar mohon tingkatkan,neg
info vaksin dong mi,neg
emange kalo vaksin dipasangi cctv gitu,neg
iya jurus jitu dicoba pegawai yg gak ikut vaksin gak thr nantinya,neg
aku punya karyawan janda anak satu dah gede aku suruh ikut vaksin gak mau alasannya takut takut tiga tahun jadi zombie gus alloh sopo sih nyebarin hoaks kalo vaksin jadi zombie mbok ngaku,pos
hari vaksin,neg
lagian aneh vaksin kok bayar,neg
vaksin karanganyar rebutan kuota daftar onlen ngalah i flash sale xiaomi,neg
isinya covid virus virus virus terus vaksin vaksin mending download smadav aja deh kan anti virus lebih manjur vaksin,neg
nah yen wes iso daftar kabeh kan tinggal nunggu kapan giliran vaksin nek dibatasi ngene iki kapan rampung e ayo lah kerja cerdas kerja efektif mohon bantuan lah pak gub,pos
ibaratnya berperang melawan covid dipersenjatai vaksin musuh sedang mengepung sos vaksin sos vaksin,pos
hallo fenomena pendaftaran vaksin kok yo berlanjut yaa mbok wes ra usah nganggo kuota pendaftar nek misal maksimal dosis google form e rasah dibatasi open wae sak okeh pendaftar vaksin tinggal diurut sesuai nomor google drive,neg
dalan e ojo ditutup ning nggonku arep do vaksin bingung meh lewat ngendi lha dalane ditutupi kabeh trus males budhal,pos
jadwal vaksin dosis mu kapan,neg
buat vaksin kak read astrea zanev,neg
gini lho mas bukan buzzer pakai logika pakai nalar kalau mau berkiblat negara udah lepas masker sah sah melalui proses pakai prokes pakai vaksin pakai otak,pos
halo sahabat mido pernah geram melihat perilaku wna taat protokol kesehatan anti vaksin langsung maupun menyaksikan via sosmed,pos
msh bingung dg vaksin vaksin tempat a vaksin tempat b bahkan beda provinsi,pos
heran aja yg vaksin cuma buat syarat bepergian,neg
aman efek pegel jam vaksin,pos
vaksin covid asal china sinovac semakin diragukan dicoret beberapa negara dinilai efektif melawan varian baru corona delta,pos
bar vaksin kok madang e peng dewe,pos
vaksin dosis hari negatif covid,neg
jogja hampir hari mba info vaksin bebas domisili kudu effort lebih daftar antrian panjang tp infonya terselenggara disini infonya anyep doang,neg
sejauh sih efek vaksin cuman laper semoga segini aja sih efeknya wkwk,neg
capaian vaksinasi cupu minim informasi padahal antusiame masyarakat yg mau vaksin cukup bagus masa iya kudu nunut vaksin daerah tetangga,pos
kalo vaksin campak udah blum soalnya ko dicampakkan terus,neg
mending aku rebutan daftar vaksin rebutan memilikimu yoan kamu mau og hehe,neg
covid berbahaya vaksin melindungi diri sendiri orang vaksin,pos
besok vaksin jujur sama dokternya soalnya bilang bulan negatiff,neg
nunggu bulan duluu baru vaksin,pos
baru pertama kamu gak vaksin anti jomblo,neg
vaksin anti galau,neg
kok aku malah ra sabar vaksin yo ben nek koncoku crito aku yo iso crito ngono lho jiakhh,neg
halo admin gimana prosedurnya vaksin stasiun infonya,pos
henseni gpp ayo vaksin,pos
vaksin pertama sehat sehat semua,pos
halo admin gimana prosedurnya vaksin stasiun keperluan mendadak naik kereta vaksin infonya segera,pos
semoga lose streak akibat solo rank pagi menganggu vaksin,pos
siapkan kartu vaksin pcr ehac,neg
selamat pagi mau tanya ibu sy vaksin kedua tp ktika mau liat sertif vaksin kok ga apps web nya pdhl cek nik nya tertera vaksin x gmn min,neg
njenengan wes nate kenek po wes vaksin to,pos
alhamdulillah entuk vaksin jalur,pos
alah biyuung arep vaksin angel e ra karuan saben bengi arep daftar kok uangel e ra umum mbok yo koyo kota surakarta kae jogja kae vaksin sak nggon nggon karanganyar kok ruweet banget tho lae lae nyuwun tulung niki pak gubernur,pos
daerah ngendi mas distop takoki vaksin po mas,neg
vcs vaksin corona sayang,neg
abis vaksin reaksinya km gimana nder,neg
punya asam lambung vaksin ga sih gaes,neg
vaksin sukses indonesia sehat,pos
efek vaksin ternyata bikin ngantuk yaps,pos
yg terjadi sama ibu vaksin kena covid isoman masum hari empat lemes batuk anosmia semoga menjadi parah bersyukur beliau divaksin,pos
btw aku habis vaksin kmpus wkwkkw,neg
min kampus g ngadain vaksin utk alumni,pos
selamat pagi pak info vaksin area sukoharjo yg melayani pendaftaran dmana nggeh maturnuwun,neg
vaksin sek,pos
vaksin kali tubuhmu kapalen,neg
lha kalau yg gratis ngapain gakmau vaksin,neg
tenang banget ben sesuk lolos seleksi vaksin kapan kae ditolak pas cek kesehatan kok,pos
bismillah daftar vaksin online menit ful quota,neg
win win solution sih buat yg gadapet vaksin amp punya berkat lebih biarin aja gausah nyinyir yg butuh vaksin tp tiap bukaan vaksin coba daftar tp gapernah dapet ngerti rasanya vaksin gratis dr pemerintah jg ribet netijen,pos
gak perlu protes protes vaksin berbayar kalau gak mau bayar ikut gratis kok pakai sinovak kalau suatu terinfeksi virus dinyatakan positif meski faksin sangat mungkin komen gratisan kok minta kebal terus,neg
jadii kalau gak mau antri vaksin gak mau gratisan mau nyaman waktu vaksin ikut vaksin berbayar kimia farma kalau suatu positiv c kategori cluster vaksin gotong royong yg berbayar vaksin nasional yg gratisan,neg
info vaksin daerah solo dong,pos
gue baru tau brand pengisi dapur gue kompor oven bikin vaksin,neg
harusnya gitu kuota terbatas heu tp kalau gak dapet vaksin direfund kok,neg
asiq sido vaksin,pos
vaksin dikon mbayar bar iki vaksin gratis lelet pelayanannya titeni,neg
akhirnya vaksin buat beberapa orang cuman kayak helm bukan buat nglindungi kepala d jalan tp biar pergi jauh,pos
gak indonesia aja kok vaksin berbayar india berbayar kok yo miris negara gak menanggung rakyatnya masalah vaksin,neg
ayo monggo berkenan vaksin,neg
info solo sing vaksin sing mbayar nandi yaa,pos
covid yo sorry aku yo sehat tp nek rep vaksin daftar kok susah no hp wes trdaftar lhoo esih ora iso asutenann,pos
efek vaksin po yo,neg
finally abis vaksin pegel kayak donor darah biasa ngantuk banget keknya begadang beruntung tensi gak naik jadi lanjut vaksin,pos
vaksin solo hampir merata karanganyar klaten umur lansia banyak belom mulai vaksinasi,neg
ra vaksin vaksin nan ciu bekonang tahan segala medan penyakit apapun mletre,pos
vaksinasi kuota selalu habis ahli ikutan vaksin pak,neg
pukul tadi terhitung manusia yg antri buat ambil kupon vaksin wkwk gatau sekarang dah berapa males tengok,neg
vaksin kedua pebruari negatif covid per april bb ga sampek blm menikah gaboleh donor,neg
vaksin e ra roto klaten karanganyar wae akeh seng hurung divaksin umur an,pos
jam malam h keberangkatan udah orang yg antri buat vaksin mana antrian kupon buka jam pagi mantap djiwa semoga kebagian gada ditilep orang,pos
habis vaksin emang laperan masak iya tadi makan jam trus laper,pos
sertifikat vaksin jadi syarat perjalanan wabah merajalela sulit sekali mendapatkan vaksin antri jam ternyata katanya kuota penuh sistem pendaftaran todak jelas byuh kudu piye iki,neg
kalo logikanya harusnya sakitan tattoo mana mana sih vaksin cuma satu jarum langsung cubles cuss udah selesai tattoo udah jarumnya lebih satu alat modern biasanya jarum tattoo terakhirku pake jarum lama prosesnya,neg
bisanya gudang vaksin terbakar konspirasinya gila,neg
ayo vaksin petugase cantik cantik,neg
iya to orang gitu lho kan dulu prnh kasus penjualan vaksin perorangan pdhl jatah negara gratis negara semua wni kan kejujuran personal disini yg eksklusive,neg
sedih banget soalnya kekny daerah yg stasiunnya gada vaksin ngumpul stasiun deh keknyaa huhu refund gak angus aja,pos
loket buat ambil kupon buat vaksin dibuka jam yg antri udah yg datang jam malam diprioritaskan yg berangkat h jadi kalo datang h h hari h gabisa sehari kupon vaksin yg dibagikan antri kupon diwakilkan,neg
direwangi tangi esuk malah rasido vaksin,neg
vaksin pertama nomer urut rasa optimis gitu wni mau vaksin bayangkan tempat sehari orang lumayan kalau hari udah orang disitu percaya sebenarnya wni tu ngga ndablek ndablek ko,neg
bangun tidur tiba pengen vaksin vaksin biar vaksin biar jd syarat mau ngapa in,pos
emng paling bener abis vaksin tidur,pos
khusus buat h keberangkatan kan yg vaksin stasiun,pos
info vaksin presisi kota sukoharjo jateng min maturnuwun,pos
pengen pulkam naik kereta biar sekalian vaksin sama swab takut gak kebagian kuota vaksin berakhir tiket hangus,neg
efek vaksin tnan nek iki,neg
hawane luwe terus i efek vaksin ki,pos
habis vaksin bosku,pos
after vaksin ngantuk pegal pegal pusing,neg
nasib ktp bukan solo susah dpt jatah vaksin,neg
yoh vaksin yoh semangat,neg
golek suntik vaksin seng gratis kok angel yo ndadak rebutan opo suntik narkoboy wae pe,pos
nek do wegah vaksin nggo aku wae kuotane please aku butuh,pos
aku lg sadar ternyata menkes e saiki i dudu wong medis jebul wong bumn makane o giat men vaksin ngendi dituku,neg
dulu begadang terus vaksin alhamdulillah ko,pos
bapak ktp sukoharjo mau daftar vaksin ten pundi njih minim sekali pak informasinya beda banget sama solo program vaksinasi sukoharjo gk jelas pak,pos
habis vaksin lumayan mriang jg yak,pos
coba daftar vaksin daerah mu yu,neg
hiahia wkwkwk aku cuman jaga yu kalo sewaktu balik kalimantan soal kartu vaksin aku blum vaksin soalnya mau daftar vaksin sih,neg
dobel mask terkena memang udara sehat lupa sedikit memakai masker minum terkena sangatlah hati meski dobel vaksin,pos
dong palagi pasca vaksin,neg
vaksin sik,neg
alhamdulillah hari kedua udah enakan banget badane gila badan drop kepikiran virus semengerikan plus pernah terpapar vaksin grgr ktp luar yuk yuk sembuh sat kangen masak dapur nih,neg
habis vaksin pertama terus ppkm bener bener disuruh jaga diri dirumah biar ga luar ketularan,pos
terakhir beli pas ga sengaja ketemu depan puskesmas pas mau vaksin,neg
vaksin disuntiknya kan im pengen req bokong ga sih,pos
tau vaksin covid daerah kota solo buat orang luar solo gratis poltekes nyari kehabisan nih mohon infonya,pos
quote of the day vaksin memendekkan umur vaksin memanjangkan umur,pos
mulai pemberlakuan kalo pergi pergi mesti nunjukin kartu vaksin aku,pos
w ngga pro ngga kontra pemerintah tp wn yg baik elu harusnya jg nurut apa kata pemerintah ngga cuma protes aja dah vaksin emangnya kok ente bebas keluyuran,neg
abis vaksin kedua rasanya kemeng,neg
kemarin bpk mertua vaksin,neg
ternyata vaksin tanda akhir zaman soalnya semua orang vak sin sin,neg
wkwkwkwk ppv pencari vaksin balik kampung,neg
aku bar vaksin jare isoh positif yen bar vaksin,neg
akhirnya vaksin kawan,pos
sekarang kalo mau luar kota syaratnya punya kartu sertifikat vaksin,neg
tenang sodara kalo pingin liburan kalo pingin ziarahi mprop bebas gaperlu surat vaksin,pos
gapapa gak habis vaksin langsung swab hasil positif,pos
eh btw program vaksin fk sampe kapan gaeess aku baru dapet infonya tadi sore,pos
kemarin check in hotel wajib pakek sertifikat vaksin,neg
alhamdulillah mbak td aku terpaksa rodo crigis wa grup gara vaksin,neg
yeay vaksin seneng bgt difasilitasi sm kampus daerah sendiri lama bgt si ngurus vaksinasinya hmph,neg
vaksin non domisili area solo raya available si terhalang ktp ni,neg
min mau tanya kalau naik kereta api jarak jauh apa wajib menunjukkan kartu vaksin,pos
vaksin jangan sekali swab otomatis positif,neg
maturnuwun kesempatan vaksin pertama hari beberapa purnama menunggu nekat ngeyel,pos
bravo polri pandemi polri memberikan vaksinasi gratis tembus lebih satu juta vaksin ayo vaksin ditunggu tanggal juni datang membawa ktp polri mengabdi negeri indonesia maju,neg
bravo polri pandemi sekarang polri memberikan vaksinasi gratis tembus lebih satu juta vaksin ayo vaksin ditunggu tanggal juni datang titik vaksin membawa ktp indonesia maju,pos
bravo polri pandemi polri memberikan vaksinasi gratis tembus lebih satu juta vaksin ayo vaksin ditunggu tanggal juni datang titik vaksin membawa ktp indonesia maju,pos
semoga vaksin dosis segeran kaya kemarin,pos
bulan lalu gagal vaksin covid alhamdulillah kmrn bs vaksin alhamdulillahnya pasca vaksin aku ga ngeluhin apapun bahkan segeran bgt habis vaksin,neg
ambu ambune endorse covid po mbah aku bar vaksin ki mbah,pos
waktu vaksin penyakitnya taruh luar dulu,pos
tunggu aja keluar vaksin yg diolesin,pos
aku dah vaksin jatah temen kantor hehe skr tepar meriang,neg
udah dpt undangan dr kampung buat vaksin besok balaikota solo,neg
baru dapet vaksin langsung diuji sama virus nakal mungkin gak sih cluster baru,pos
cobo golek info ne poltekes solo ws buka vaksin rung kui nggo ktp luar kota iso,pos
akir e kebagian jadwal vaksin istri tiap hari cari info medsos semoga menyusul vaksinasi usia min thn nya khusus nya daerah sukoharjo sehat semua prokes masker dobel sik,neg
info dong solo vaksin non domisili,neg
pertanyaan vaksin ga sama sarunya kayak tanya keimanan entah berdasar ga,neg
vaksin yo vaksin,neg
kata vaksin berasal dr kata vacca yg berarti sapi lalu diberi nama apa hubungannya vaksin dgn sapi,neg
hatinya jgn lupa vaksin yaww,neg
rebutan booking vaksin jakarta bikin sakit perut berasa ppdb,neg
seri vaksin jadi titan ga nih,neg
yak keluarga isoman ku tetep saling support walo cuman wa semangat de menunggu kepastian vaksin dinas perdangan koperasi umkm kab sukoharjo katanya pelaksanaan mulai tgl blas rung enek sms wa,neg
up yg aku pengen bgt tau jawabannya soalnya pengen vaksin pfizer,neg
solo cepet banget daftar vaksin tinggal klik halodoc pilih jadwal sesuai dikota,neg
alasan pak met ga mau vaksin jeneng penyakit e aneh obat e hurung ketemu belom mau jawab,pos
vaksin yg kedua lebih kerasa sakit sih wkwk,neg
gencarkan vaksinasi massal tni polri menargetkan juta vaksin sehari mempercepat proses vaksinasi merata seluruh indonesia serentak wilayah polda,neg
tanya jadwal vaksin utk msyrkt umum ae ra tau jwb lurr,pos
leganya udah h after vaksin gadapet side effect yg aneh jd ngantuk terus seharian,neg
seorang teman kantor bayi kandungannya malam meninggal covid vaksin x,neg
jare mas gibran jumlah vaksin sama rata ki,neg
vaksin warga gregeten sama ibu ibu tetangga mentang celah meskipun kk bukan sini selama domisili disini vaksin disini si ibu bawa sekeluarga besar nya biar dapet vaksin parahnya ngatur warga yg antri sebelah,neg
tergantung daerah asalmu aku dapet giliran vaksin rumah,neg
suatu hari dapet jatah vaksin gas in aja bro cuma kalo keadaan kek gini ngandelin prokes ketat aja jga gatau org ditempat umum yg temui keadaanya kek gmnaa,pos
ngaranmu apik vaksin ra tik,neg
akhirnya vaksin jadi pamer pokoknya kalau acara vaksin vaksinan daftar aja ngga ribet kok mumpung kota aware jadi enak perlu antri lama resiko berkerumunnya rendah gas pokok e,neg
semua link google form vaksin asli semua sehari terima link beda pendataan vaksin,neg
evek vaksin bikin melek jam,neg
solo arep digalakke vaksin we komen e modelan ngene ki trus nek positive rate e duwur sg disalahke pemerintahe teros rasah gaya ngomong luwih percoyo imun tubuh sendiri nek kudanan sitik we pilek masuk angin bos,neg
polri bersama tim dokter vaksinasi covid melaksanakan vaksin massal masyarakat rangkaian hari bhayangkara,neg
mau bertanggung jawab sopan pakai maskermu cuci tangan sanitize jaga jarak taat tracing vaksin tersedia,neg
solo aja mas modal ktp langsung vaksin,pos
kalo indo komennya covid meneh covid meneh apa bla bla bla apa capek nakut nakutin orang bla bla bla jadi bekerja sepi bla bla bla padahal cuma disuruh pakai masker cuci tangan jaga jarak vaksin,pos
iya ni ktp luar semarang mau daftar vaksin gratis keterangannya bukan warga semarang begimana,neg
haduh vaksin x baru sadar seminggu kemudian makanya tanya nik sebutin tp dokternya kayak bingung karna didata laptop nya ga nemu nik tulis nama baru muncul,pos
tak tahulah akika sama menfess diatas kan vaksin diciptakan biar kebal suatu penyakit bukan ajian rawarontek emang soalnya abis divaksin kebal bacok blunder,neg
fungsi vaksin garis besar kan emang imunitas kekebalan tubuh,neg
iyep tau vaksin merangsang imunisasi pembentukan igg,neg
gelombang kedua vaksin udah mulai dikebut,neg
maaf min mo tanya nik kartu sertifikat vaksin salah angka berpengaruh kedepannya,pos
allhamdulillah pilek udah sembuh kok abis vaksin kena pilek huhuhu padahal aku pengen es cincau sar nongko,neg
ditulisnya vaksin,neg
first vaksin done,neg
serumah cuma w yg vaksin,neg
ig story isinya vaksin berita temen yg positif covid,neg
vaksin yo yowes nek ra vaksin yo yowes,neg
kalau info program vaksin utk usia lt tahun area solo raya yogyakarta info dong suwun tweeps,neg
datang puskesmas jadwal vaksin kapan lalu tanya yg terdaftar ikut gak kalau gak pas hari h datang jam tutup kalau sisa vaksin pakai cara biasanya berhasil,neg
aku abis vaksin jadi ngantukan gampang lapar ku pikir ko ndak sembuh efeknya ternyata ngantukan gampang lapar sifat gawan bayiku,neg
gw ga kak gw vaksin maret lalu sampe sekarang sehat walafian,neg
patuhi protokol kesehatan vaksin tetap prokes,pos
udah kena aja kadang masi parno lau cuman vaksin uda sesumbar sehat sehat aja dah moga lu semua,pos
monggo munggah kaji indonesia murah meriah syarat vaksin karantina kitab al bujairomi alal khotib diterangkan menziarahi kuburan kedua orang tua salah satu orang tua hari jumat pahalanya haji bahkan lebih,pos
kalau bantuan gak hubungane vaksin vaksin diperiksa tekanan darah nek ora lolos yo orasido vaksin karo nek nduwe riwayat penyakit berat luwih apik konsultasi karo dokter spesialis disik,pos
info vaksin rs bethesda,neg
klo tdk berhubungan dg kisruh diplomasi vaksin covid trus apa masalahnya yakin pemerintah arab saudi tdk mau dijadikan kambing hitam ketidakberangkatan haji tahun semakin curiga apa,neg
info vaksin wilayah solo sekitarnya pls,neg
lama menunggu mendaftar x giliran vaksin semoga pelaku jada wisata boyolali segera mendapat vaksin amiin,neg
tanyain langsung rmh sakit nya mas khan skg kalo org yg nemenin sodara ato famili vaksin ehh disuruh daftar sekalian bawa ktp sama kk,neg
aku disuruh vaksin aja tukads hbs kalo gk karna ngasih contoh anak emoh kayaknya,neg
temen istri vaksin positif gmn dok,neg
vaksin sih emang perlu ngga kalo pas disuntik ngga usah pake divideoin segala kau disuntik aku ngerasa ngilu liatnya,pos
gimana caranya dunia percaya sama cina ujung nya jualan vaksin anehnya yg beli,neg
cina mau jualan vaksin bodohnya sj yg mau beli vaksin cina,pos
harusnya seluruh negara dunia menuntut cina bukan malah beli vaksin cina,pos
my moon how your day hari vaksin kali terasa sakit bekas suntikan nya,neg
mengecek berita tersebut valid yuukk cek klik cek hoax lalu search kata kuncinya aja misal vaksin magnet muncul tuh berita bener enggak,neg
my moon how your day what you doing now besuk pagi pergi rumah sakit vaksin have a nice dream my moon,neg
emang ga vaksin apapun buat mencegah kebodohan sih,neg
efek vaksin ngantuk lemes bgt,neg
coba dulu himbauan peserta vaksin dgn riwayat sakit asma rhinitis alergi pernafasan harap diperiksa lebih lanjut gak asal coblos skrg hidung paru ku lebih bersahabat,neg
sebenernya kalo disuruh milih mau divaksin apa pengennya vaksin pfizer tp belom tersedia indo dpt nya vaksin sinovac tp gapapa karna emang efikasinya lumayan efek sampingnya berbahaya,neg
pelaksanaan vaksinasi tahap ii diikuti seluruh karyawan balai rsup surakarta dgn mematuhi protokol kesehatan lindungi diri amp dgn berpartisipasi dlm program vaksinasi covid,neg
tumben bgt belom kerasa efek samping nya vaksin pertama efeknya ngantuk pol sampe tidur nyenyak yg belom kerasa ngantuk cuma pegel bagian tangan nya,pos
klo solo maret kemarin udeh gabung ma aku vaksin ny,neg
semua org ngerasa kalo jarumnya lebih gede karna emang td kerasa sakit wkwk yg vaksin pertama ga kerasa malah,neg
dds sambang rumah warga binluh warga yg lansia bersedia suntik vaksin imun terjaga terhindar covid,neg
habis vaksin jadi ngantuk puolll,pos
mau cek sertifikat vaksin link nya dibuka lalu download apk pedulilindungi dibuka si hp nya support memang diakses aja,neg
kontak erat bund ibu hamil yg blm vaksin cm ngandelin herd imunity kuasa ilahi,pos
wes lah ra omongam vaksin sek rodok serem,neg
lgsg vaksin,neg
ketawa liat temen dulu nolak vaksin sekarang bingung cari tempat vaksin namanya pekerja luar negri mau ga mau emang vaksin lah,neg
sertipikat vaksin gadein ga si,pos
cina buat senjata biologis menyebar seluruh dunia trus negara malah bangga beli vaksin cina,neg
kukira kemarin cara menghindari vaksinnya sukses tetep aja dipanggil suru vaksin,pos
pelaksanaan vaksinasi tahap i diikuti seluruh karyawan balai rsup surakarta dgn mematuhi protokol kesehatan lindungi diri amp dgn berpartisipasi dlm program vaksinasi covid,pos
eh seriusan vaksin ngaruh myd,pos
yeuu sejak kapan fungsi vaksin buat mencegah biar ga kena covid plis lah judulnya misleading banget gimana masyarakat mau percaya vaksin kalau beritanya aja macam ni,neg
semoga bapak ndakpapa pasca vaksin bismillah,neg
adanya vaksin nusantara disini ketahuan mana orang yg benar nasionalis sejati mana yg sok nasionalis sebenarnya palsu,pos
hasil rapat warga halal bi halal kampung diadakan mantab an rumah masing silahkan dihias biasalaah umbul sdh mbladus sdh ganti lah wae tuku cak vaksin macet kemungkinan datang baru tanggal ah gua mah,neg
sampaikan bukannya butuh hari vaksin kedua baru lebih efektif,neg
min sesuk ki vaksin nganggo sinovac opo astrazeneca,neg
pak said didu kapan vaksin nya pak mau divaksin pak gak malu kagak punya malu maap nanya satu sisi bapak terus nyinyir dgn program pemerintah sisi mau ikut program pemerintah vaksinasi covid,neg
vaksin aestrazeneca jarak vaksin lama bgt padahal vaksin jenis merupakan vaksin masa kadaluarsanya ga lama cuma bulan masa produksi,neg
meskipun menerima vaksin diharapkan masyarakat tetap menerapkan prokes dimanapun berada bangkit indonesia sehat,neg
respon tubuh vaksin pak artinya vaksin tersebut mulai bekerja jadi ga perlu khawatir memang merasakan demam lemas adapula merasakan sama sekali bergantung imunitas tubuh sendiri,pos
vaksin berapa,pos
aku malah sama sekali ngga mengikuti berita perihal vaksin vaksin nih masjon,neg
kompensasi utk ijin halal produk makanan umkm aja gedee gmn dg yg vaksin,neg
kedua penggunaan vaksin covid produk astrazeneca hukumnya dibolehkan yok ngasih info jangan setengah setengah,pos
vaksin kapan pak,neg
yg nyinyir soal vaksin disuntik mati sajah,neg
bganinkamtibmas memberikan sosialisasi ptotokol kesehatan kpd warga subtik vaksin covid dibpiskesmas penumping lwy solo,neg
hmm mau jga vaksin,pos
senang dah vaksin apa rasanya isni,pos
gusti corone ben aku wani suntik vaksin pie sedih banget,neg
oalah kupikir kalo punya sertifikat vaksin bebas naik kereta test genose sejenisnya baiklah naik moda aja kalo gt ribet,pos
ampun vaksin ternyata gak berasa mungkin terdistraksi dokternya ganteng,neg
vaksin kedua lebih nyuuut,neg
kalok jaman sekarang kan babi ternak udah vaksin buat babi makanan babi sediakan jadi makanan terkontrol jadi aman aman aja masa iya ga makan babi,pos
kok uwis vaksin,neg
tanggal kemaren vaksin bsk tgl semoga lbh banyak warga indonesia menerima vaksin membuat indonesia menjadi kuat segera aktivitas bergerak spt biasanya normal aamiin,neg
alhamdulillah vaksin pertama,pos
males vaksin mesti pekso keluarga,pos
kalo gak reaksi buruk udah pulang trus dapet kartu vaksin pertama dapet nomer hp dokter yg dihubungi kalo dlm jngka waktu minggu reaksi gak baik stl divaksin tp aku dah seminggu baik aja puji tuhan,neg
sebelom nya ditanyain apa punya penyakit berat misal jantung ato sakit hipertensi yg gitu gak sihh trus tensi jg trus cek suhu badan baru stl suntik vaksin jg nunggu menit reaksinya,pos
aku dapet vaksin krn pas kerjaan woro suruh vaksin kok mas makanya aku dapet aku nunggu vaksin yg,neg
gratis kok mas sama lah yaa aku pikir stl menghubungi rmh sakit yg nyediain suntik vaksin km disuruh ngumpulin fotokopi ektp sekalian jg ektp asli sama disuruh ngasih nomer hp yg dihubungi dah tinggal nunggu panggil bwt suntik,pos
selamat malam mohon info min vaksin utk lansia area kecamatan colomadu desa paulan kapan yaa cara pendaftaran bagaimana,neg
ga lama kena lu klo vaksin wkwk,pos
rakyat antri divaksin covid pak terawan merilis vaksin nusantara eeeh pak didu jualan masa lalu,neg
vaksin pfizer,pos
bismillah vaksin,neg
puji tuhan udah vaksin kurang sekali hari udah selesai,pos
abis vaksin,pos
setuju koruptor kalau hidup divaksin cangkemu yo tetep vaksin,neg
kamu merokok iya sehari sebungkus yook vaksin gak zat kimia gak tau baik buruknya zat kimia masuk kedalam tubuh merubah sel bayangkan kalau jadi sel kangker hih ngerii bro okey fine sama temenku,neg
sedikit mengurangi rasa takut vaksin walaupun takut sih wkwk makasih boriel v,neg
takut vaksin bund,neg
padahal dulu ga mikir bakal kena vaksin duluan wkwk,neg
lolos gasido donor darah malah ketemu neh suntik vaksin,neg
nih orang kra besok vaksin aku kra gak anjim kalo gada adminnya sama aja,pos
berani vaksin alhamdulillah rumah sakit jih solo,pos
kalo besok vaksin ngelabrak admin nih mau ngurus nilai astaga ribet bener admin homebased satu,pos
kok kesannya malah gak bener tu vaksin,pos
besok vaksin dosis gakk skip aja gajadi diskusinya,pos
komandan lanud adi soemarmo kolonel nav i nyoman suadnyana s t m m melaksanakan vaksinasi sinovac tahap pertama bertempat rsau dr siswanto lanud adi soemarmo penyuntikan vaksin covid sinovac dilaksanakan mengikuti prokes,neg
tujokno wis tak vaksin komplit,pos
vaksin sakit hati opo opo mas,neg
kemaren jg barusan dikabari sama vet langganan klo vaksin kucing hampir seindo kosong untung bgt majikan udah vaksin awal januari dok pdhl jadwal harusnya tgl besok tp ditawari vet langganan awal januari kemaren krn solo mau psbb sujud syukur,neg
aku percoyo virus corona kui ono nek do ngomongke vaksin karo psbb ora wae lah sek penting nganggo masker cuci tangan wes beres,pos
yg kayak aku ga memar sampe sekarang bekas vaksin km pukulin kemaren wkwk,neg
jangan jangan selama vaksin online,neg
sejauh aman yaa sakit kemeng biasa kalo abis disuntik lah kalo ngantuk ga vaksin kayaknya emang aku ngantukan,neg
ga testimoni abis vaksin,neg
habis vaksin mau beli eskrim biar kaya pas kecil,pos
bentar isi story wa ig twitku vaksin aku post,pos
kaget aja tiba tiba hari jadwal vaksin,neg
pantaskah penolak vaksin diberi hukuman malam yaa acara free terbuka utk umum tersedia doorprize tuhh ragu pingin nanya soal vaksin disini tempatnya cari info orang yg kompeten dibidangnya yaa mau join zoom pm aja,pos
dah lah walaupun njarem habis vaksin ak ttp ngerjain tugas rumah uts,pos
wuhan sedang memperingatin th covid terbebas covid masker vaksin,neg
gilirin gini aja percaya sama who klo soal vaksin percaya sama akun telurrr ra mashok,neg
kayaknya lg mau doktrin deh lagian pemerintah jg lg vaksin biar jadi titan wkwk,pos
efikasi vaksin sebesar menunjukkan harapan vaksin mampu menurunkan penyakit covid hingga jangan ragu melakukan vaksinasi covid,neg
laah yg bermasalah palestina x israel kok mbah dayat mau nkri nunda vaksin tuh benang merahnya kok gak gathuk yaa nyambung,neg
siap vaksin indonesia lebih sehat jaga diri jaga keluarga jaga negara tetap terapkan m jangan remehkan protokol kesehatan selalu jaga kebugaran,pos
rekan guruku pernah bilang semua anakku ngga pernah ikut suntik vaksin apa vaksin malah cuma buat anak jadi lemah bilang gitu pas lg sosialisasi vaksin puskesmas malu,pos
kamu jauh realita generasi lahir an bawah banyak kaki tangannya tumbuh sempurna virus polio setelahnya berkurang vaksin sekarang mendampingi penyandang disabilitas akibat polio jadi tahu bagaimana akibat ketiadaan vaksin,neg
aku wedi vaksin emang wedi suntik blok ra mergo teori konspirasi,neg
yak abis vaksin kasus tambah naik,pos
kementerian atrbpn siap vaksin,pos
alhamdulillah bukan kitten ku nakal anjir sekarang wes sehat kurang vaksin tok alhamdulillah,pos
ngopo yik sahabatmu vaksin sek,neg
sengaja sbnrnya abas tahu gak msk kriteria terima vaksin kan emang kmrn dah terpapar covid mau pencitraan diri biar trlht berani,neg
vaksin langsung nongkrong berikut tanggapan ucok baba terkait raffi ahmad,neg
kamu dpt jatah vaksin gratis ga,pos
perasaan vaksin emg suka kumpul rame sher,pos
vaksin opo,pos
rame vaksin lah aku mah cuman sibuk kerja sepedaan ama ngegame dasar aku,neg
info vaksin seng model obat gerusan,pos
menolak vaksin yahudi,neg
bangga vaksin bangga jadi anak pki yh bund,neg
nyuntik vaksin pak jokowi,pos
se enggaknya raffi ahmad vaksin ibu se indonesia mau vaksin,neg
mau vaksin monggo mau nolak monggo segala resiko mu mau servis leptop jasa live streaming bikin lanyart apa bikin jersey bola volly game apa monggo langsung dm aja,pos
yg nolak vaksin sinovac kayak punya duit aja beli merk vaksin wqwq,pos
gw mau dong vaksin,neg
mencapai tujuan indonesia bebas covid perlu masyarakat yg vaksin membentuk kekebalan komunitas melihat efektivitas vaksin tersebut,pos
yaiyalah nolak la wong vaksin sinovac umur tahun mah dah tahun keatas wkwk,neg
kalo vaksin yg gratis ngpa swab ngga yg gratis kan lebih mencegah dri mengobati,neg
nonton live streaming pak presiden suntik vaksin aku malah deg degan sampe nangis gak tau,pos
tp katanya who mensyaratkan efikasi minimal vaksin cm angka,neg
pak bapak disuntik vaksin hari jam brpa pak,neg
mana mana vaksin vaksin vaksin baca dengarnya kok duh bukan gimana gimananya masalahnya aku takut disuntik,neg
kira kira kamu mau vaksin,neg
trending vaksin kira kira mau enggak divaksin sinovac,pos
woopps pake vaksin sinofuck nya dong,pos
uji klinis dibandung selese bpom resmi menertbitkan izin edar vaksin sinovac semoga awal baik masa depan lebih baik,neg
yaa kalo uda vaksin kasian irongmu disogrok,pos
tanya drh nya aja lgsg aja nder drh nya yg mutusin vaksin apa diobatin dulu,neg
pendukung jokowi harusnya siap lebih vaksin sbg bentuk kepercayaan nya thd jkw,neg
portal news makin kacau nalar aneh aja logikanya korelasinya dmn antar vaksin dgn alat kelamin,pos
msntab pengen suntik vaksin guee,neg
puluhan ribu vaksin covid tiba semarang jawa tengah vaksin tersebut menunggu didistribusikan surakarta,pos
solo udah vaksin freen bismillah w coba kenyot dulu,neg
disitu udah vaksin,pos
bisnis surat keterangan pernah vaksin incoming,neg
yok ndang vaksin yok ben iso ndelok konser e behind the scene ng kroya,pos
happy new normal year nderek dedungo mugi gusti allah swt kerso ngangkat covid saking bumi kanthi wasilah vaksin saha ikhtiar ingkang sampurno mugi gusti allah swt paring kgm bpk ibu nikmat sehat klg sejahtera putra i sholeh hah manfangat fii diin waddunya wal akhiroh,neg
tahun baru jualan nanas muda vaksin covid lebih untung mana,pos
jadi vaksin gratis kaga sih,pos
hongaria slovekia italia langsung lakukan vaksin beberapa jam vaksin tiba endonesa tetep euforia kedatangan vaksin sejak desember lha njuk piye ngene ki,pos
ngeri kalo pakek vaksin,neg
bukankah sinofak ri nantinya jg beredar vaksin merk lainnya beli bayar sendiri tentunya mandiri tdk yg subsidi keberatankah gajiku umr budhe ku yg usianya diatas thn ku usahakan mandiri dg tenang damai,neg
bu ibu klo nganter vaksin cuma bawa tas fesyun ibunya aja heran aku kok ga,neg
skrg tiap mau vaksin nyiapin sgla mcem kek bawa lemari sampe gelas termos buat ngangetin asip dibawa pengalaman g bawa apa eh asipnya abis nyari laktasi jauh bgt trus muntah pas vaksin e ga bawa ganti baju rempong ses,neg
nah shanghai aja menolak vaksin buatan cina koq indonesia malah beli,neg
konyol klo gitu rakyat bersatu menolak vaksin yg jelas,neg
klo vaksin gak ragu udah fatwa halal semoga indonesia ganti yg,neg
pemerintah berupaya menyediakan vaksin covid seluruh masyarakat cuma cuma vaksin kaitannya keanggotaan bpjs pemerintah menunggu tahapan ilmiah bpom lalu segera menyelenggarakan vaksinasi massal,neg
disuntik vaksin covid malah jadi titan giman v,neg
mau vaksin kan artinya ngabisin stok pcr swab rapid biar ga rugi,neg
jujur sy gak percaya klo jokowi bener disuntik vaksin cina,neg
kalau wajib brti sanksi bila tdk mau melakukan vaksin gmn dok soalnya byk org yg anti vaksin,pos
adela is an admin now udah slese vaksin disuru jd panitia,pos
maemnya dryfood sama wetfood aja kak yg jelas steril vaksin obat cacing rutin faktor penting dlm proses glow up nya majikan,pos
langsung cek buku vaksin,neg
beritain vaksin dateng sekarang biar nga takut buat dateng tps besok guys,neg
wadidaw kimia farma bang efek uym sama vaksin keknya,pos
kaya mesen antrian buat beli vaksin teruji klinis miskin persiapan mesen kain kafan jaga jaga kalau tiba tiba kritis negara tutup mata ga perlu ngrepotin negara,pos
aku cinta vaksin,neg
vaksin langsung diditribusi dipake buat butuh kasus turun drastis hidup normal mantab,pos
yakin nih vaksin nya udah aman kasian nakes kalo dijadikan percobaan,neg
selamat datang vaksin njenengan aja divaksin ndak usah,neg
rutin obat cacing vaksin kok mas,neg
alhamdulillah akhirnya vaksin covid gratis dijepang,neg
uu lebih efektif vaksin,pos
semoga situasi segera normal rencana pemerintah memberikan vaksin covid waktu dekat terealisasi tahun depan menjadi tahun kebangkitan khususnya dunia pariwiata perhotelan harap grace cc,pos
vaksin covid terbukti investor kemudian mengambil uang merekeka gold market maupun forex menunggu vaksin keluarkan edar makanya harga emas turun,neg
wuhan selesai vaksin indonesia ngotot btw emang indonesia udah neliti virus sendiri ngikut who,neg
sinovac kan wkwkwk vaksin awal tahun mimpi belaka,neg
divaksin minim berat gr tp vaksin dikasih obat cacing minggu sebelumnya biar ps vaksin sehat,pos
rencananya bansos tahun depan semasif tahun fokus pemerintah sesuai instruksi presiden joko widodo pemulihan kegiatan ekonomi amp bagaimana mengadakan vaksin katanya cc,neg
propenyor harga vaksin ditentukan demand and suply gak baca fakta,pos
vaksin ampuh hempas corona for order dm,pos
konspirasi vaksin laku,neg
ka klo vaksin d puskeswan solo brapa,neg
buat vaksin kak,pos
ka maaf jbjb kalo vaksin d puskeswan solo brapa,pos
klo vaksin berapaan ka d puskeswan,pos
abis vaksin lemes mlungker terus nih anabul,neg
halo kak maaf mau tanya antri onlinenya lewat mana sama mau tanya kisaran harga vaksin kitten mandinya,neg
nangis setengah hari grgr vaksin tt pas pms ngeringik ngeringik kayak keponakan umur bln habis diimunisasi bgt,pos
vaksin china diandalkan,neg
emang dibikin kan biar vaksin isa laku,neg
nganterik kucing dokter buat vaksin scabies semoga sembuh dehh,neg
banyak banget orang anti vaksin al indo,pos
akhirnya beratmu udah sampe kg vaksin,neg
otaknya bosok tega jual vaksin palsu tega mencelakakan anak anak duit,neg
badan intelejen bikin vaksin covid polisi minta dana buat pulihkan ekonomi negara main ngapain sih,neg
si sayang udah vaksin,pos
mungkin pd saatnya semua terpapar nakes tenaga kesehatan sangat wajar tiap hari berjibaku pasien sekarang mau menghindar cara apa disiplin dgn protokol kesehatan,neg
vaksin corona dah ditemukan tp kok ga trending,neg
valid berdoa sama sama semoga vaksin virus segera ketemu semua segera normal,neg
sebenarnya berani beli baju dress busui all size bener bener gk pd pake baju potongan karna perut membuncit tp aku gk tahan beli rok siapa tau kepake pas vaksin baby w dasar aku,pos
suntik vaksin covid,pos
semoga punya vaksin sendiri bukan luar,neg
presiden jokowi produksi vaksin corona sendiri impor target akhir tahun berita kompas tv juni wib,neg
well virus belom kelar ga tau kelar kapan kalo belom vaksin anti virus obat jadi yok gpp mau keluar sih seriusan gpp jaga jarak bnyk yg suka lupa jaga jarak ga pake masker soalnya,neg
mengandung vaksin microcip g pengendali umat manusia,neg
the new normal sepertinya dunia termasuk pemerintah indonesia sedangan mempersiapkan skenario the new normal berdamai covid menyadari proses penemuan vaksin varian corona jenis,pos
vaksin ae durung enek pasien e wes enek sing wkwkw emg sakjosse,neg
kalau udh vaksin ngapain lockdown ae cengkeh nastar,neg
ngerti aku rung nyinggung tekan vaksin bidang medis sing tak maksud bahaya covid neng awakmu karo pekerja medis sing kualahan ngurusi pasien nek babagan vaksin mbok akuo yo emoh disuntik vaksin sing ra jelas,neg
aku rung nyinggung neng vaksin aku mung ngemasalahke opini publik sing menggangap corona ki ora berbahaya terutama bidang medis,pos
reposted from satu konten edukatif nan inspiratif bersama arnold meka sang pakar terapi pikiran dengarkan bawah sadar tema vaksin mental,pos
tadi poli khusus anak sehat vaksin kirain takut ehh kok malah ketawa ketawa liat yaa apa aneh klinik kasih ibu sehati,pos
cek fakta eks menkes siti fadilah supari sarankan ri pakai vaksin covid bill gates,pos
namanya pak polisi mengetahui prosedor penanganan covid mungkin cateringnya ditambah vaksin amp sovenirnya masker sama antis good job pak doakan sini semoga sakinah mawadah warohmah aamiin,neg
konsep ditawarkan lebih mirip seleksi alam herd community harusnya menggunakan vaksin kelompok orang sehat dicapai kekebalan komunitas orang dibiarkan sakit menularkan mencapai kekebalan komunitas memandang,pos
kl menurutku bahkan ditemukan vaksin tetep butuh beberapa waktu buat bener pulih kudu sabar kaya aku sabar nunggu notif kamu raketang seminggu mung pisan seng dinotis,neg
suntik vaksin ae,pos
vaksin e ndang ditokne mbah selak diwales dukhon sak piturute malah kojor tenan,neg
vaksin covid berita benar,neg
aku inget film the flu vaksin menangkal virus tersebut tubuh seseorang sembuh virus tersebut,neg
baiknya vaksin flu yg dosisnya rendah disuntikan balita sedikit membantu mencegah epidemic semacam keyakinanku epidemic yg lebih ganas covid dikemudian hari,neg
mbayangke china produksi massal vaksin covid temuannya terus disedekahke negara negara seluruh dunia termasuk amerika mesti paklik jin ping langsung dinobatke dadi wali dihujat iblis merusak peta sindikat farmasi sedunia,neg
somad said vaksin tapir produk qaram then somad dead sad ending,neg
vaksin pake kopi,neg
mahal minta vaksin kw aja,neg
aku mau pulanggg gamau vaksin moewardi,pos
aja si nder tp amannya vaksin dlu soalnya pas steril kan sakit takut imunnya down rawan terkena virus terlebih musim calici panleu,pos
welcome march semoga virus corona segera menemukan vaksin nya,neg
iya katanya dikasih obat cacing dulu baru suntik vaksin,pos
titik terang pencarian vaksin virus corona,neg
,neg
