,tweet
0,direktur jenderal badan kesehatan dunia who menyatakan dunia mengalami kekurangan peralatan kesehatan terutama negara miskin paling miskin dunia peralatan medis mengalami kekurangan pasokan masker vaksin obat obatan
1,semua negara dunia menyerukan pentingnya imunisasi bahkan semua agama sama jangan pertaruhkan anak
2,kirain tak ngefek vaksin pertama baik saudara pd vaksin ane malah terakhir vaksin mo pergi jakarta
3,sebelumnya dikira demam berdarah bintik paha senin vaksin sabtu muncul bintik cek darah trombosit baik rabu balik dokter tambah banyak telapak kaki perih sakit buat jalan cek darah trombosit baik dirujuk dokter penyakit terus dokter kulit
4,gejala timbul hari vaksin gak langsung
5,rail clinic stasiun delanggu klaten vaksin hingga bagikan sembako
6,soll info vaksin boster dong makasih
7,fess guyss info vaksin booster uns dong butuh banget buat segeraa makasii
8,
9,hasil studi sebut faringitis jadi gejala utama covid vaksin
10,tiap orang kan daya tahan tubuh imun vaksin pertama kedua beda merk kata dokter gitu
11,hmm yg dimasalahin disini bkn gk bs explore hobi tp perempuan ideal gk si berpenghasilan bekerja jadi i asisten loh kerjanya jam buat ibu yg biasa kerja lalu tb jd isgt mungkin jd burn out yg hadepin cm sebidang kotak rumah amp org nya
12,memang benar lowongan pekerjaan banyak mencantumkan vaksin syarat karyawannya punya pemikiran analisa baik logis
13,lha siapa tahu kalau jadi kipi kalau tahu sakit pastinya gak vaksin
14,lha kalau tak vaksin tak naik kereta api pesawat padahal acara nikahan jakarta kemarennya tetangga boster tak naik kereta terpaksa vaksin ane piye jal
15,ipar kk divaksin x kena covid masuk icu beberapa hari lha ane vaksin malah sakit vaskulistis pembekaan pembuluh darah mpe hampir bulan
16,sini pcv aja kurang laku tun pdhal kota kabupaten wkwk aku pengen daftarin anakku buat pcv krna ga masuk sasaran usia eh yg masuk sasaran malah banyak yg ga mau pda takut sama vaksin baru
17,benar vaksin kali puasa dnah senen kamis insya allah tubuh jiwa terjaga amin
18,guys klo mau vaksin booster solo fess
19,kereen semuanya
20,stadion piala dunia u steril dipakai alah telek
21,railmin syarat kereta solo sby skrg apa vaksin thx
22,sate buntel kwi
23,banyak warga sragen tolak vaksin booster migran care bantu edukasi
24,indonesia
25,butut
26,modaro leeee
27,gw ga vaksin mungkin abis lahir disuntik pake coca cola
28,membutuhkan vaksin booster silakan merapat loji gandrung sebelumnya berada ngarsopuro diadakan minggu selama stok tersedia gratis seluruh warga indonesia menunjukkan ktp
29,aku lebih setuju wanita berpenghasilan sedapatnya tp tetap dirumah contoh content creator reseller barang pekerjaan sifatnya project based amp bs wfh cth translator buku majalah artikel gimanapun kayaknya otak perlu drill ilmu yg udh gak menguap
30,kementerian kesehatan memberikan vaksin covid dosis keempat tenaga kesehatan
31,mending polio suntil vaksin babi kata ibunya
32,kan pabrik vaksin kopid biofarma baru mau dibangun kalo kopid hilang gak laku vaksin nya
33,
34,huft vaksin x booster x pernah jd alumni covid tp ga jamin kekebalan tubuhku ditakdirin fokus proposal emg
35,fess nyuwun info vaksin ktp bebas dong
36,updatenya bgmn
37,ku pernah ikut ambulance ngisi bensin waktu ambil vaksin
38,pas kkn banyak nemuin keluarga yg anti bu bidan desa vaksin an biasanya katanya agamannya gak
39,terpantau jalan adi sucipto arah colomadu stadion manahan macet teratur jalan selamat sukses
40,pacarku mirip kamu
41,emng iy gek lg vaksin pertama neh
42,klo mau naik kereta api solo malang misalnya syaratnya pakai vaksin boster dulu sih
43,lhoh hasile wareg prasmanan
44,aku yo seh seneng nganggo klambi tulisane pasoepati ngeneki gur ngenteni wayahe wae
45,info tempat vaksin lurr
46,
47,telat hudang jadi we teu kabagian vaksin booster
48,solo square peduli vaksin pelayanan suntik vaksin sabtu november wib solo square lower ground sebelah hypermart ayo vaksin solo square
49,berburu vaksin booster
50,jemaah umrah tak wajib vaksin meningitis resmi loh
51,fess info vaksin booster kampus dong guys kalau sekalian share jadwalnya yaa maaciiww
52,warga sragen enggan ikut vaksin cakupan vaksinasi booster
53,kemenkes tak wajibkan jemaah umrah vaksin meningitis
54,iki mas serem ali mabkhout
55,fess yg mau vaksin booster buruan ngoresan skrg ga antri trims
56,perhatian bupati sragen minta warga segera vaksin booster covid naik
57,kemenkes ri menyesuaikan kebijakan arab saudi umroh wajib vaksin meningitis sedang haji wajib vaksin meningitis
58,urung vaksin kok ws mumet wae ki hadeeh
59,sayangi nyawamu nder ganti sayaang bahaya soalnya
60,hari vaksin lagii
61,lurr info vaksin kucing seng regone murah dong matur suwun
62,elkan baggot opsi marcelino ferdinan
63,ben iso ngene mas
64,lebarnya layaknya landasan udara soekarno hatta
65,fess info vaksin guys
66,
67,gara gara kena petir beberapa kali ngeground indihome mati ganti lan
68,sebelahnya tora sudiro jerinx sid ngapain
69,aku open jasa joki nembak vaksin yaa masuk pedulilindungi permanen cepat aman desta first love
70,info vaksin dosis area solo dong
71,kemarin aja pak kok baru vaksin sekarang ngga mana trus kok mau vaksin mau berangkat thailand acara apa pak golek banci
72,guys mau tanya kan vaksin sinovac trus vaksin yg kedua bukan sinovac pfizer gak sih
73,pasal vaksin pernah salah
74,aku vaksin gimana dunk
75,alhamndulilah cuma vaksin kali makan sehat segar sayuran hidup senantiyada iklas cari teman yg jujur berpeluang hidayah langit sap via melody porsi aman didunia scherst insya allah amin
76,stasiun balapan melayani vaksin booster
77,ditemukan vaksin cacar pd vaksinasi global dikebut dr penyakit cacar akhirnya dimusnahkan gada lg pandemi endemi cacar jg merupakan pandemi pertama yg berhasil dimusnahkan sih sampel virus yg disimpen tp cm bwt riset
78,sekilas info tambahan ilmu taun hernan cortez tiba meksiko bawa org prajurit budak populasi meksiko jt thn populasi suku aztec tgl jt kurang dr th cacarnya cortez membasmi penduduk aztec jmn dlu blm vaksin cacar
79,cek ig aja nder sering info vaksin booster
80,habis vaksin lagu vaksin lagii
81,kini hadir vaksin booster peningkatan imun serangan virus silahkan hubungi mbak mendapatkan kartu kci kartu cidronesia sabar akses layanan vaksin version free payung
82,dr nomer ktp jadi pas cetak tiketnya udah tulisannya km udah vaksin berapa kali gt kalo booster g chek in stasiun
83,persyaratan naik kereta api sekarang vaksin booster dulu min
84,sakne banget iki wis kadung mbas tiket sepur lah kok wajib vaksin booster tolak dong tiketnya maneh gak iso refund tiketnya awak lek
85,kak syarat naik krl jogja solo pp apa vaksin booster
86,idem vaksin hidayah allah baik jahat jujur bohong iklas pamrih siang malam benar salah udara tlah mencatat duper valid allah langsung jg mengatur
87,bp mentri ra vaksin boster
88,kalo dosis pake bukti vaksin
89,mas masalah nihh temenku baru vaksin pertama masuk konser ga kak
90,mas kalo baru vaksin dosis pertama nonton konser mas kun ndak mas besok september soloo temenku baru dosis pertama
91,ketinggalan jadwal booster mulu eh kok pas ngemall tiba tiba booth vaksin
92,solo square peduli vaksin yuk loyal customer solo square melakukan vaksinasi segera solo square lantai depan cinema xxi solo square solo square
93,kmu vaksin
94,siap vaksin
95,nnyicil sek vaksin pertama
96,yuk sekrang wajib vaksin mau perjalana kereta
97,gajadi vaksin lah mager wkwk
98,minim vaksin booster keknya
99,info vaksin pantau akun ig puskesmas se kab klaten
100,mbuh lah wes rasido vaksin
101,mjb enggak kok minimal vaksin
102,betul kan jadi kasian yg vaksin berkali kali
103,minimal vaksin
104,bulan jadi vaksin
105,ngemeng epeh vaksin sana dulu
106,vsksin ketiga berarti sehari doangkan pegelnya kalau aku udah vaksin kebera a lupa sih aku tuh
107,nyales vaksin untung berapa pak
108,penataran malang blitar k kahuripan blitar lempuyangan k transit blitar jam an vaksin gausah antigen
109,mau aja dikadalin tukang jual vaksin
110,solo square peduli vaksin pelayanan vaksinasi covid sabtu minggu juni wib solo square solo square
111,solo square peduli vaksin pelayanan vaksinasi covid sabtu minggu juni wib solo square solo square
112,solo square peduli vaksin pelayanan vaksinasi covid sabtu minggu juni wib solo square solo square
113,aku abis vaksin booster
114,program vaksinasi booster dosis ketiga bekerja sama menggunakan jenis vaksin astrazaneca dibuka kuota hari pertama sebanyak dosis hari kedua dosis hari ketiga dosis
115,pecinta sepak bola solo ayo ikuti booster suporter mei pukul wib persis store amp cafe syarat berusia gt tahun vaksin dosis ii gt bulan lalu ber ktp domisili solo raya melakukan registration walk in persis store
116,melawan mei stadion gelora bung tomo surabaya kick off wib jadi ajang pemanasan liga bergengsi amp dinantikan pecinta sepak bola penonton langsung nonton tribun dgn syarat vaksin booster
117,pengen jane ngepasi minggu barang aku rung minat vaksin pdhl seko official persissolo yo ngadakne vaksin sblum away rono wkwkwkw
118,males vaksin e po hahahah
119,anggota dpr ri mengapresiasi inovasi kapolresta solo memodernisasi peralatan kamera hingga layanan vaksin
120,monggo seng ajeng vaksin boster depan hotel amarelo singosaren dr jam siang
121,vaksin pertama njut vaksin boster ra bos kevin
122,inpo vaksin boster magetan vaksin buat kesehatan vaksin gawe nonton persis
123,pengen away rono meneh jek males vaksin booster wkekekke
124,solo square peduli vaksin ayo lengkapi dosis vaksin solo square
125,solo square peduli vaksin ayo lengkapi dosis vaksin solo square
126,ayo lengkapi dosis vaksin wib lower ground samping hypermart solo square
127,lah kok gituu kalo km puasa trus vaksin efek nya lohh khan kalo vaksin makan yg byk trus stl vaksin hrs makan biar gak efek drop nya
128,berati km gak puasa dong kalo vaksin
129,program sejuta vaksin bersama pc nu kota surakarta kementerian agama hari kamis sabtu tanggal april vaksinasi siang wib wib vaksinasi malam wib wib klinik bhayangkara jl slamet riyadi no surakarta
130,mana ni vaksin mahal banget ampe jeti lu bayangin deh kalo gegara ni vaksin angka kematian indonesia gegara kanker serviks menurun drastis ape idup lo kagak tentram hah heran ayolah jangan jd orang terbelakang sih
131,kanker serviks tu jd momok menakutkan gue aja takut gue yakin temen perempuan gue jg nya lu pade ngomong vaksin vaksin yodah kalo gak mau tu diem aje gausah koar sok tau
132,rang orang sih heran kalo lu gamau vaksin yaude sono tp kalo ampe mitamit keluarga lu kena kanker serviks yg biaya nya aja muahal nya minta ampun jangan pernah coba ngeluh lu ye dikasih enak kagak bersyukur lo
133,kebijakan bagus gini julid vaksin harganya mahal sangat berguna buat perempuan dikasih gratis malah julid
134,sebwa testimony pasca vaksin sewurongatus tudey
135,kelar bp ikutan vaksin sungguh bro brutal banget yg vaksin bahkan dokter disana udh aja antrian sekebon
136,whoa hari sungguh nganu isip ditarik vaksin jadilah tandem sama ku kia pagi lumayan banya sampe pasien lanjut shift bp siang
137,solo square peduli vaksin ayo lengkapi dosis vaksin solo square
138,solo square peduli vaksin ayo lengkapi dosis vaksin solo square
139,nunggu vaksin bayari bst puasa mau ngamokk tp kudu syahhbar
140,vaksin tiga kok tangan kiri ku bengkak si
141,rencana mudik ayo manfaatkan gerai percepatan vaksin polresta surakarta selama bulan ramadhan klinik bhayangkara jl slamet riyadi no surakarta hari siang jam wib senin sabtu malam jam wib senin jum at
142,lebih aman nyaman ayo vaksin mudik lebaran berikut lokasi beserta jadwal vaksinasi semua puskesmas rs bung karno rs ibu fatmawati soekarno klinik pmi senin sabtu pukul wib
143,halo vaksin dosis pastikan vaksin booster mudik source
144,solo square peduli vaksin ayo lengkapi vaksin april lower ground sebelah hypermart solo square solo square
145,linu kabeh bar vaksin az yaalah ra poso sik
146,mau mudik aman selamat nyaman sehat vaksin booster solusinya
147,vaksin sek mas e karo sepik
148,pemkot solo memberi syarat warga yg minyak murah vaksin lengkap ditambah booster warga yg booster waktu bersamaan pendapi balaikota jg dilaksanakan vaksinasi booster massal warga memanfaatkan fasilitas layanan tsb
149,bukan vaksin terapi beliau tawarkan melalui uji klinis benar vaksin sebenarnya ranah bpom idi fokus aspek etiknya beliau anggota idi
150,mengding vaksin apa ga ush
151,alumni vaksin moderna berakhir masa berburuku mencari booster jumat yg asyik memulai puasa yg gatau mulainya besok lusa
152,percepatan vaksin polresta surakarta klinik bhayangkara jl slamet riyadi no surakarta hari selasa jum at tgl maret april jam wib syarat booster vaksin minimal bulan atas membawa fc ktp ktp nkri
153,vaksin cukup x wae
154,foto dulu sama mau pindah perth australia kalau pulang indonesia jangan lupa mampir vaksin yaa klinik kasih ibu sehati
155,aku blm vaksin boster tetiba deb topup dateng ngelengkapi berkas akta meningoy istrinya kata istrinya meninggal tiba sehat aja tp kemudian vaksin terus meningoy aku apalah yg blm vaksin boster telen ludah
156,yg uda vaksin booster gk fren
157,padahal vaksin amp ngga sakit booster bekas suntiknya sakit mana kata orang kantor entar malem bakal makin nyeri sama demam
158,subuh subuh baru terasa efek vaksin
159,jng lupa makan dulu sebelom vaksin
160,semangat vaksin
161,baru tau pcr thailand mahal banget sampe juta vaksin disana bayar malah beli shopee
162,lho aq minggu wingi vaksin booster nang kono
163,izin bertanya min tetap antigen stasiun meskipun sdh vaksin kali krn kantor tetap mensyaratkan antigen utk perjalanan dinas
164,disaat vaksin dosis kedua ketiga hari baru yg pertama
165,paling presiden nyuruh vaksin biar imunnya kuat
166,tontonan buat aku kemrungsung gk tenang smakin keras dlm celana ku keras otot nya trpegang bergoyang aman tuk pegang gk perlu vaksin syg buka an gitu pmerin aku aku nahan syg maaf dlm celana nakal tangkap lah syg pingin soneta
167,durung vaksin i
168,mutual yg vaksin booster nya pfizer ngga efeknya apa sama apa yg dilakuin buat ngontrol efeknya
169,bos aku durung pernah vaksin kok coronane wes ilangi ki pie
170,ha ha ha stock vaksin sama pcr menumpuk jiwa oligarki klo jadi pejabat kek begini rakyat jadi korban
171,lengan kiri pegal habis vaksin booster badan capek habis kerja hujan deras ditambah mati listrik lengkap buat istirahat
172,ibu ngefek ning eh ngefek ding luaper banget efeknya makan terus sama pakai az surat vaksin meski pedulilindungi langsung muncul
173,vaksin kucing berjilid jilid
174,nih yg pengen vaksin booster
175,kabar gembira sekarang perjalanan domestik resmi antigen pcr selama dosis vaksin dilakukan
176,airasia domestik udah announce ga perlu test covid kalo udah vaksin x yuk kai yuk
177,info donk adakah faskes sediakan vaksin booster pfizer moderna solo
178,vaksin booster astra otopat
179,info vaksin booster solo dong guys
180,info vaksin ketiga disolo mana
181,liriknya sangat mewakili jeritan hati maju sini lo johnny suh w udah vaksin kali
182,nek aq genah astra boy vaksin pertama kedua az kerjo yo nang lini usahane astra
183,jam vaksin ketiga terasa efeknya
184,booster vaksin kali udah dikasih paracetamol kali badan gak enak vaksin kemarin msh aman gara tanggal merah gak digunain buat kelayapan
185,ayo belanja vaksin booster pasar klewer minggu februari
186,ayo manfaatkan hari libur vaksin booster gelora bung karno minggu senin februari
187,meninjau vaksinasi booster pasar klewer pelaksana polresta solo melakukan jemput bola pasar pasar kota solo berlangsung sejak rabu pelaksanaan vaksin dilaksanakan pasar klewer beteng trade center pusat grosir solo
188,pelaksanaan solo square peduli vaksin percepatan vaksinasi dosis lanjutan booster astra zeneca solo square solo square
189,klo gk ngadain vaksin gk byutiful
190,habis vaksin booster
191,satu kerjaan habis vaksin booster malah teler semua grup bada bilang gak kerja dulu karna sakit izin istirahat padahal aku vaksin ikutan izin maaf ye pak
192,attention tempat terbatas htm available pre sale amp on the spot pre sale close h panitia amp pihak venue menerapkan standar prokes min vaksin x dilarang membawa makanan minuman luar cp
193,lha dr dinas suruh vaksin
194,uwess tp rung vaksin booster
195,obi ikutan vaksin
196,habis vaksin booster hawa dingin
197,cuma demam bentar paracetamol cepat bertindak efek vaksin booster
198,vaksin gaes sehat terus aman gak kena virus corona amin
199,hihihihi lucu anet adek vaksin
200,buat aku jangan ikutan tumbang yookk bisaa menuju vaksin booster
201,vaksin sesungguhnya
202,nambah gas kalo liat orang nyebrang jalan satu kebiasaan kaum bengek jamet lokal yg gua dapet pagi vaksin hobi nyelak kagak paham jalur antri katrok memang
203,efek vaksin gini yak
204,siap dah vaksin booster belom
205,finally vaksin booster excited pol gaktau hahaha aman aja gais efek vaksin aku emang cuma ngantuk sama laper wkwkwk
206,mas rey udah vaksin apa belom
207,trus ngapain kemaren ngebet vaksin
208,edan njarem kabeh awakku bar vaksin
209,mau vaksin malah gabisa tidur bhaikk
210,sebuah keuntungan kerja rumah sakit sehat mak bapak gausah repot cari vaksin booster antri kesana kemari
211,hukuman tertinggi orang menolak vaksin cara divaksin
212,jangan dihukum penjara terlalu enak kasih aja suntik vaksin langsung kali dirapel
213,suntik vaksin x wae positif mbok suntik imf wae lur
214,memenuhi panggilan vaksin booster
215,semalem demam meriang pusing efek vaksin
216,segera vaksin pelayanan kesehatan terdekat
217,habis vaksin bayik sehat sehat lee rs pku muhammadiyah surakarta in surakarta jawa tengah
218,aku ma fotoin tiket vaksin mama flash on
219,teman kantor positif si omekron sialan udah vaksin x kena gejala demam sakit tenggorokan pusing lemas tetap jaga prokes jaga kesehatan wfh wfo
220,suntik vaksin apa diremes preman
221,efek dri vaksin booster apaan yakk spill dong yg tau
222,dikeki obat soko nggon vaksin mental sidane prikso nggone lenggananku klinik cedhak unisri hadeh yas yas saiki kok ruwet men koe ndi sing disik kuat tahan banting
223,ayo vaksin cegah varian baru omicron cegah penyebaran omicron
224,vaksin kedua agustus jadi mungkin februari
225,siap vaksin dosis
226,vaksin tuh kek wc umum gratis
227,cuma krl aja si kak yg penting udh vaksin aja wkwk
228,grgr anti vaksin seeh
229,aku tak nunggu info streaming wae mbok menewo enek xixiixi males nek kon swab wong wes vaksin x barang og
230,dinas kesehatan kota solo memastikan semua siswa siswi sd negeri maupun swasta solo mendapatkan vaksin stock vaksin aman tinggal menunggu jadwal
231,yuk vaksin sakit mending mencegah kan jalan jalan kota solo jangan lupa mampir utk vaksin tipoid yaa klinik kasih ibu sehati
232,mengawasi mendeteksi pergerakan orang orang terpapar covid selama hari belakang mengunduh sertifikat vaksin sekarang benar benar dibutuhkan syarat bepergian transportasi umum
233,makasie yu jum terima raportnya hari rabu skalian vaksin katanya
234,akhirnya kyrie punya alasan buat ga vaksin wkwk
235,dr suzy memaparkan orang menerima vaksin influenza qiv quadrivalent influenza vaccine tiv trivalent influenza vaccine memiliki kekebalan daya tahan tubuh lebih baik orang menerima vaksin influenza
236,menghadiri pelepasan suporter persis solo berangkat sebanyak bus orang terdiri pasoepati ultras surakartans keberangkatan menerapkan prokes suporter wajib vaksin dosis swab antigen
237,bukan ga aja kok vaksin pasca hs tp biasanya vaksin hpv dilakuin tes pap smear utk yg seksual aktif kalo blm hs usg perut aja
238,baiknya sih mengusahakan vaksin hpv soalnya kalo sdh vaksin hpv yg pertama jarak bulan gaboleh hamil gt coba dikonsultasikan dg obsgyn terpercaya
239,sepurane ndanku seng kleru ki asline pssi operator liga uji coba suporter ki minimal kapasitas stadion bukan orang tok gek syarat e njlimet wes vaksin x jek kon swab edyan asline pengelolaan ligane dewe ki
240,uis vaksin aman
241,untung partner jaga vaksin hari enak bgt hahahahahhaa
242,tahun diharapkan semua masyarakat indonesia sdh vaksin sdh siap menerima wisatawan luar negeri investor dr luar negeri krn dgn datangnya investor diharapkan dpt menyerap tenaga kerja tenaga ahli dgn ekonomi naik
243,semoga betul varian omicron masuk indonesia yuk berhati hati ketatkan prokes dukung vaksinasi info varian kebal vaksin t
244,mahfud md kabupaten batik cakupan vaksin covid terendah se jatim terakhir gue diejek sama temen kantor
245,kak cik eye brandnya bali framenya dibuat kayu skateboard bekas liat ignya kak
246,kali vaksin ampuun tensinya tinggi teross kurangi begadang kurangi garam perbanyak air putih perbanyak olahraga perbanyak makan melon bismillah
247,vaksin booster moderna lumayan jg efek kipinya
248,judulnya yg brengsek tp isinya wajar org yg sdh vaksin taat prokes sedang yg unvaxed tdk taat prokes
249,vaksin x kartu vaksin sari puskesmas setempat mau unduh sertipikat vaksin keterangan jenis vaksin temukan solusinya bagaimana
250,sekarang ayah jg gamau vakasin tensi jg tinggi komorbit jg plus selama blm jaminan dr rumah sakit yg ngevaksin kl apa mau nanggul segalanya termasuk utang usaha wkwk yaudah mudur alon aja yg nyuruh vaksin
251,sekarang jg bangsal cuci darah semua pasien ditarget vaksin dokter pendamping jg dokter umum padahal rata pasien hd komorbitnya berat harusnya yg turun dokter spesialisnya yg lebih tau
252,vaksin corona lama lama buat bayi tuh bakaln
253,mendengar beberapa pengakuan warga penerima vaksin sangat antusias lantaran vaksinasi solo mudah kendati berasal luar kota tetap komitmen kebut vaksinasi kebut pemulihan ekonomi tumbuh tangguh bangkit lawan pandemi
254,satu betapa kuat efectivenya netizen kelompok penekan mempengaruhi kebijakan pemerintah naik pesawat cukup antigen penerima vaksin corona dosis lengkap aturan berlaku mulai hari november
255,rakyat menangis bu katanya dulu vaksin sj cukup kalo cuma bepergian darat ga jauh jauh sampe kpn sih pemerintah ga kasihan rakyat bohongin trs keknya negara berusaha bahagiain rakyat pandemi gini tp dirasa rasa in indo nyengsarain trs
256,mmm sabtu pagi yg indah sedikit mendung angin sepoi berhembus balai nampak ramai warga yg ikut vaksin pulang berenang rumah mengalun lagu indo lawas radio yg disetel papaku barusan baru lewat indera dengar yg pernah dipopulerkan olh d
257,tetap bikin kesel waras vaksin penting jaga kesehatan masing
258,jangan panik dulu mungkin adanya kesalahan memasukkan nama lengkap nik nomer ponsel simak video cara mengurusnya cara mudah menerbitkan sertifikat vaksin terkendala
259,melakukan vaksinasi covid sertifikat vaksin keluar aplikasi pedulilindungi padahal sertifikat vaksin dibutuhkan menunjang mobilitas mengakses fasilitas publik coutesy
260,brarti dee ora vaksin
261,diwanek wanekne suntik vaksin ben kuat awake jebul seng diserang atine remukk joooo
262,dok minggu lalu sy mau jakarta vaksin dosis alhamdulillah sehat waktu scand screning apk pelind emg daftar riwayat swab antigen baru terbang makanya disitu muncul kata layak bepergian dgn pesawat rada aneh jg sih
263,vaksin lengkap skrg mau mburjo
264,the underdog buffed by vaksin moderna ggwp
265,set set set set buff vaksin moderna
266,mjb vaksin mbak makasih
267,kemarin grab pembagian sembako pas datang ternyata yg vaksin lha ikut vaksin grab ditolak gara ktp semarang amp ikut vaksin pakai astra zeneca yg vaksin nya baru besok
268,info vaksin astra zeneca dong zonk mulu nih abis kuotanya nyesel ambil astra tau gini sinovac aja
269,barusan vaksin kedua
270,ga tau sih vaksin kok penggunaan massal nya cepet banget
271,nganyari sertifikat vaksin karo perdana numpak krl
272,yuk vaksin semangat vaksin mencegah lebih baik mengobati vaksin lindungi
273,kelompok remaja mencapai juta orang adapun juta antaranya mendapatkan dosis lengkap kali suntikan vaksin lindungi
274,informasi nih hingga oktober juta lansia mendapat vaksin dosis pertama juta lansia mendapatkan dosis lengkap vaksinasi vaksin lindungi
275,nah menentukan idikator level ppkm suatu daerah salah satu parameternya capaian vaksinasi umum capaian vaksinasi masyarakat usia lanjut vaksin lindungi
276,beberapa daerah cakupan vaksinasinya rendah dosis satu maupun dosis lansia daerah diantaranya sumatera barat aceh papua maluku utara vaksin lindungi
277,proses vaksinasi terus dilakukan sekarang pemerintah terus mendorong pemerintah daerah capaian vaksinasinya rendah terutama kelompok masayarakat rentan lansia vaksin lindungi
278,seluruh pos pelayanan vaksinasi unit pelaksana teknis bawah kemenkes kantor kesehatan pelabuhan kkp rs vertikal poltekkes bawah kemenkes instruksikan menyelenggarakan vaksinasi semua kolaborasi dg baik vaksin lindungi
279,oiya program vaksinasi dilakukan semua target sasaran memandang domisili tempat tinggal ktp jadi semua mudah vaksin nih vaksin lindungi
280,pemerintah mengajak seluruh masyarakat segera divaksinasi tercipta kekebalan imunitas perlu pilih pilih vaksin semua vaksin aman berkhasiat yuk sama sama sukseskan vaksinasi vaksin lindungi
281,patut bersyukur nih pemerintah terus mengupayakan ketersediaan vaksin baik lewat skema multilateral maupun bilateral mencukupi stok menjaga laju vaksinasi sesuai stok vaksin vaksin lindungi
282,kedatangan vaksin kontinu indonesia menunjukkan stock vaksin tanah air aman mencukupi percepatan vaksin mencapai target terlaksana akhir tahun yuk indonesia vaksin lindungi
283,vaksin dikirimkan langsung provinsi memperpendek rantai distribusi mempercepat akses pemerataan berbagai jenis merek vaksin seluruh masyarakat proses vaksinasi semakin cepat dilakukan vaksin lindungi
284,vaksin pfizer tiba indonesia melalui bandara soekarno hatta juanda jawa timur
285,oiya pembelian vaksin menjaga stock vaksin fyi indonesia menerima vaksin baik bentuk bulk bahan baku maupun bahan jadi
286,jangan abai deh mencegah lebih baik mengobati hayo siapa vaksin nih
287,nah selalu patuhi prokes perlu vaksin nih vaksin vaksinasi lindungi semua
288,keknya yg demam abis vaksin kok gada kabar
289,info vaksin seng petugas nyuntik e gelm moro omah
290,papa said kelar vaksin pulang dong
291,vaksin dah
292,vaksin dah sih kak daerahku
293,aku baru vaksin pertama
294,betul yg luruskan jangan terjadi pemaksaan vaksin kpd masyarakat
295,sabar dok saling menghargai yg vaksin monggo yg tdk vaksin monggo
296,efek vaksin ancen marai kemronggo po ki
297,persaingan obat covid semakin ketat semakin banyak obat covid semakin bagus rakyat spy tdk menjadikan vaksin kewajiban
298,min mohon info utk penerbangan jog tujuan upg antigen klo vaksin dosis
299,mens gue ga aturan vaksin lagian jauhan anjir
300,pakai pin kulo sampun vaksin
301,vaksin kedua kok berasa lebih sakit sama berasa banget efeknya
302,lah mau vaksin kudu pcr dulu
303,monggo butuh vaksin
304,leren o mbah desember wis nganggo penonton syarat vaksin x
305,vaksin
306,hari pas longgar ikut memriahkan vaksin kantor kalurahan mandan kec kab sukoharjo
307,vaksin kedua lebih ketata good la
308,weh la kae rung vaksin to kak
309,efek vaksin dosis tidur
310,mentang wis vaksin komplit
311,kalau parosmia apa ikut vaksinasi banyak penyintas gejala tersebut ikut vaksin
312,vaksin dosis siswa man surakarta tersebar beberapa rs dikota surakarta man surakarta
313,ma sertifikat vaksin
314,alhamdulillah dosis vaksin selesai sehat selalu semua semoga ikhtiar segera lepas pandemi covid aamiin
315,udah vaksin mbah
316,nganter vaksin pajaknya nonton xxi solo paragon seharian jadi sopir pp purwodadi solo kalian ngijoli waktunya ibu selalu pulang malem
317,asyik dah vaksin dah masuk area bioksop angelina jolie kan eh
318,jadi gini rasanya deg an daftar vaksin
319,koncoku iso nde mlebu mall ra vaksin bermodal celana suwek ngaku ra ndwe hp inisiale ulinnuha
320,udah sih baru x bioskop buka masa ppkm nonton shang chi gpp baru x vaksin masuk area bioskop
321,terharu bgt liat ibu bapa lanjut usia bahkan yg berpenampilan sangar bertato semangat vaksin detik detik dosis terakhir
322,kalo aku tadi mbak aku baru vaksin x
323,ditanyain sakit gak pas suntik kedua vaksin aku jawab enggak lebih sakit suntik alergi sus
324,cerita lucu pas vaksin lah dikira aku jomblo diajak kenalan anak kelahiran wkwk pas tau aku dah punya anak lah kaget gak tuh
325,pokoke top markotop vaksin vaksin berharap sertifikat digadaikan
326,maaf jbjb udah vaksin sama steril
327,gak sih habis vaksin moderna sakit punggung
328,mau disumbang vaksin dri china
329,vaksin wow
330,aku baru vaksin pertama
331,efek njarem abis vaksin emang selama dah hari ngga ilang ilang malah makin menjadi
332,hbs ashar ntar jam acara keluarga hotel bokap yg bwp solo baru setelahnya malem hrs otw pulang sana lg krn bsk siang mau vaksin booster sekeluarga bsr rmh pamulang amp rmh solo baru yaa smg baik aja nih fisik gak kecapekan dg segala agenda yg sangat padat
333,gak sih vaksin sinovac kali next time nambah vaksin ketiga moderna aztra
334,meninjau vaksinasi tirtonadi kerjasama sasarannya pekerja khususnya bpjamsostek mitra grab penyandang disabilitas antusias warga luar vaksin terima kasih jaga kesehatan selalu
335,antri screening vaksin petugasnya cantik bgt pakai hoodie warna apa biru muda ungu ngga tau ngaraninya warna apa
336,meninjau vaksinasi its pku muhammadiyah mengajak masyarakat solo vaksin ayo segera vaksin perlu takut vaksin aman halal jumlah stock vaksin terus tersedia lihat video gibran rakabuming
337,daerah bnyak yg blm vaksin ndoro wilayah grogol sukoharjo jateng salam sehat ngih pak senajan mu kalah ttp abang
338,mau vaksin ditolak rasanya kyk ditinggal pas sayang nya
339,sesusah nyari vaksin non domisili disini sekalinya baru buka pendaftaran ngga sampe menit dah ludes aja
340,laah mending gak usah dijatah vaksin aja alihin daerah msh bnyak yg menanti jatah dpt vaksin koq aku yg musti sabar blm kejatah kuota vaksin
341,naiknya darimana kalo naik krl cuma vaksin kalo jarak jauh pake swab pcr antigen
342,susah bgt sii nyari vaksin non domisili jauh ktb solo rugi sekalii kl ga join kuliah offlenn
343,punya sertifikat vaksin kepake buat naik
344,akhire gunanya ikut vaksin buat kesehatan
345,masalahnya naek krl aja kudu pake vaksin sekarang wkwkw
346,maturnuwuun pak presiden hari anak ragil diberikan kesempatan vaksin bersama teman nya alhamdulilah
347,hari tadi anak ragil vaksin bersama teman sekolahnya wa group teman kuliah surabaya share vaksin massal program vaksinasi pak emang top markotop kerja kerja kerja
348,nyari vaksin susah ngga pake ktp solo raya
349,kak besok pagi ditempat yg sama vaksin kedua td udh kedkt liat infonya
350,aing aja vaksin gegara nunggu moderna pfizer malah udh komersialisasi kan aja
351,bangga punya duit bangga udah vaksin
352,jumat besok anak ragil giliran vaksin dikoordinir sekolahnya pak gub alhamdulilah
353,kartu vaksin iku wis nyalahi kodrat demokrasi
354,habis vaksin mam escrem gag
355,outfitku vaksin kemaren aku pake kaos putih pendek
356,pak wali ktp warga kra tapii sdh lbh th tgl solo kost kerja solo interaksi solo makan tidur hidup solo bs terima vaksin koq dipersulit tak gmn pak hari coba yg rumdin wawali jg ditolak ktp
357,tetep dodol bar vaksin sebuah kesalahan
358,nek mlebu y nganggo kartu vaksin po ra min
359,semangat pagi min penerbangan solo jakarta syaratnya apa min calon penumpang vaksin sedikit masalah kesehatan dibuktikan surat keterangan dokter mohon infonya min terimakasih
360,pagi min penerbangan solo jakarta syaratnya apa min kalau misal blm vaksin sedikit masalah kesehatan bagaimana surat keterangan dokter mohon infonya min terimakasih
361,fungsi tambahan sertifikat vaksin
362,orang disekitar gue lg sibuk cari vaksin pfizer moderna gue sendiri yg cari tau info vaksin nusantara masa indonesia ekspor vaksin nusantara berjuta juta turki orang indonesia sibuk import vaksin yg jelas mengandung stell minyak babi aneh ra si jane indonesia mu
363,min mhn maaf kapan vaksin yg kedua jenis astra yg diadakan digedung warastratama terakhir vaksin tgl juni smpe skg kabar yg menyelanggarakan rs dkt makasih min
364,duh tambah lawak adek geger gamau vaksin malah request vaksin puyer apa sirup plis vaksin bukan paracetamol
365,gas ngreyen kartu vaksin
366,meninjau vaksinasi pelajar politeknik turut memastikan kondisi warga sehat divaksin keluhan target akhir bulan warga solo vaksin lihat video gibran rakabuming
367,vaksin dr bulan juli gaes
368,jam ngantri vaksin tensi naik bukan apa kesel aja lama banget yalord
369,aku wis vaksin ayo piknik adoh
370,korban vaksin siapa yg bertanggung jawab
371,pasar gayeng alhamdulillah dah vaksin semua warga pasar notoharjo pak ekonomi mulai jalan cuaca cerah warga mranak murah tur apek bakulane
372,iki mergo evek vaksin opo aku sing lemah yo rosone ora dang ilang kemeng bats
373,meninjau pelaksanaan vaksinasi santri rs kustati pak memerintahkan stok vaksin tersedia segera digunakan siap gerak cepat distribusikan vaksin warga lihat video gibran rakabuming
374,boro boro dapet vaksin orang kemarin vaksin x aja kaga yg anter gada yg antri krn dateng telat bener seorang diri menghayati banget ra sih jomblone
375,vaksin x protokol kesehatan jalan terus lalu apa jaga diri keluargamu risiko penyakit lainnya penyakit kritis fwd critical armor proteksi risiko finansial penyakit kritis
376,vaksin x protokol kesehatan jalan terus lalu apa jaga diri keluargamu risiko penyakit lainnya penyakit kritis fwd critical armor proteksi risiko finansial penyakit kritis
377,min kalo vaksin menyusui minta surat keterangan dokternya kepuskesmas apa
378,istri direkomendasikan ama dokter jenis vaksin p yg aman penderita eb autoimun waktu tanya orang puskesmas kapan p masuk kota malah dijawab gak usah pilih pilih vaksin mas semua sama kalo sama ngapain tanya dokter kasus autoimun
379,alhamdulillah udah vaksin
380,kalo vaksin bandara cuman dapet dosis setahuku ketersediaannya ga banyak tp coba aja sih barangkali kondisi balikpapan beda sm jawa
381,nyandi kudu vaksin
382,vaksin pertama
383,enggak sakit sih pas suntik yg bikin susah kipi nya aku malem abis vaksin demam pusing sama lengan yg disuntik sakit banget sampe gak tidur sekarang alhamdulillah mendingan pusing dikit
384,vaksin x protokol kesehatan jalan terus lalu apa jaga diri keluargamu risiko penyakit lainnya penyakit kritis fwd critical armor proteksi risiko finansial penyakit kritis
385,pulang kerja tidur cepet besok gas colomadu buat vaksin besok pagi bangunin
386,lha gubernurmu lak meh gawe gelang bukti vaksin to nder wkwkwk
387,abis vaksin jon wkwkw
388,done ncovid ncovid tahap puskesmas manahan
389,min kok vaksin imunisasi bayi dpt disemua puskesmas bidan desa kok kosong
390,vaksin jgn lupa
391,aku kelingan ndue mbak sepupu dokter ditakoni wes vaksin rung tak jawab wis nggo sinofakk le nyauri malah vaksin kok nggo sinofak biarang penting iso numpak pesawat mbak jawabku ngono
392,siap vaksin lindungi diri lindungi negeri
393,info vaksin wangon banyumas purwokerto ajibarang raya
394,thanks ppkm sekarang orang berlomba pengen vaksin biar masuk mall
395,dialog dr terawan dg komisi vii vaksin nusantara yg dipersulit uji klinis
396,sungguh aneh klo negara mmpersulit vaksin karya anak bangsa sendiri
397,meninjau vaksinasi kelompok rentan puskesmas ngoresan dosis diberikan masyarakat riwayat berbagai penyakit komorbid jangan takut vaksin aman halal check out gibran rakabuming s video
398,seseneng dapet surat layak vaksin naik kereta yeay
399,vaksin x protokol kesehatan jalan terus lalu apa jaga diri keluargamu risiko penyakit lainnya penyakit kritis fwd critical armor proteksi risiko finansial penyakit kritis
400,vaksin x protokol kesehatan jalan terus lalu apa jaga diri keluargamu risiko penyakit lainnya penyakit kritis fwd critical armor proteksi risiko finansial penyakit kritis
401,ibu hamil dipersulit buat vaksin sih aja halangannya
402,pulang kerja sempet tidur dah surih nganterin vaksin
403,jurgen klopp udah vaksin kedua
404,artinya bisnis vaksin impor jalan terus
405,mohon maaf min bertanya seputar pcr repid antigen vaksin dosis pcr repid antigen disetertakan kedua duanya memilih pcr rapid antigen min terimakasih min
406,min mohon maaf mau bertanya vaksin dosis daerah jawa apa menyertakan pcr min minta pencerahannya min terima kasih sesudahnya
407,vaksin nusantara yg hebat karya anak bangsa tdk direspon dg baik penghianat bangsa yg sesungguhnya antek komunis
408,gelem vaksin gawene wedag wkwkw
409,lol biyaya lockdown justru nya biaya ppkm tong lu kira ppkm gak makan biaya psbb gak makan biaya justru kalo alesan biaya napa majority vaksin indonesia pake sinovac az cuma harganya belom lisensi nyatanya pake sinovac paling banyak alesan aja
410,eo sangat dibutuhkan alur penyuntikan vaksin deh pak
411,yey vaksin
412,memang mantap sekali habis vaksin langsung lembur
413,kalo hamil gimana dong min masa vaksin
414,mhn maaf min minta info vaksin buat ibu menyusui nyari yg menyelenggarakan
415,efek vaksin herpes
416,baru bulan lebih minggu sembuh dr gejala covid mas kmaren vaksin moderna ga gejala yg mengganggu aktifitas
417,film pendek vaksin palsu tayang youtube burhan family bisnis
418,parkiran pasar klewer wes membludak ekonomi mulai jalan ppkm monggo pak longgar ka masyarakat taat maskeran vaksin ditingkatkan
419,nganter momi vaksin cok jane aku yo mls
420,efek vaksin
421,klo pelayanan vaksin nusantara dmn dok
422,ujung nya berlindung dibalik taat prokes udah vaksin gapaham lg yg modelan kaya gitu
423,info vaksin gratis wilayah sragen
424,vaksin mulai pusing
425,ngga tau pernah vaksin
426,melangkah vaksin
427,emang ampuh bener vaksin moderna bikin orang ngk kuat ngapa in sangking bikin ngilunya
428,lucu papaku super takut sm yg berbau dokter pas mau divaksin kayak udah stress duluan ditensi sampe dokter tenang pak gapapa bapak takut sok coolnya muncul blg engga h tp tangan keringet dingin hahahaha tp akhirnya vaksin krn uda normal wkwk
429,nyokap tp yg gmpg kepikiran jd ngaruh banget semingguan kayak trying to make her hepi apalah gitu ngapain w bantu cek tensi jg tiap hari sampe akhirnya udah normal puji tuhan baru deh tenang mau vaksin puji tuhan sehat lancar
430,case sm ky mamiku kmrn sampe endingnya w beli tensimeter nyokap cekup internis minta saran blh vaksin ga krn emg ad komorbid kata dokternya tp kondisi mm tensi super tinggi sampe gilak emg
431,pelajaran nih sblm vaksin siapin kondisi bener jgn maksa klo riwayat hipertensi obatnya diminum yg rutin maintain terus tensinya better punya alat tensi dirumah jangan stress kurangi triggernya
432,tinggal berangkat vaksin aja susah
433,film pendek vaksin palsu tayang youtube burhan family bisnis
434,vaksin
435,vaksin kiri pegel kanan
436,oke efek vaksin kedua lebih njarem lengan sama hawanya lapar lucu nyawang adik adik maba fk belajar bicara ruang observasi malu malu
437,vaksin done
438,fungsi sertifikat vaksin yg dicetak apa si
439,silakan vaksin bareng
440,doblang kon vaksin kae run moso wedi jarum sontek
441,gelora bung karno manahan
442,abis vaksin rasanya gimana gak gimana sumpah kcli dapet dokter nyuntik nya kayak nyuntik kebo
443,per agustus melakukan vaksin ibu hamil melalui puskesmas sesuai domisili bumil dosis dilakukan trimester kehamilan dosis disesuaikan interval vaksin digunakan simak video lengkapnya
444,allhamdulilah lancar vaksin
445,rasah vaksin
446,bikin link pendaftaran vaksin niat ga sih heran deh gw
447,yoes nunggu vaksin seng semprot ngko nek wes enek tak japri
448,wingi wingi dtawani vaksin garek teko wegah kas saiki bingung golek vaksin
449,per agustus melakukan vaksin ibu hamil melalui puskesmas sesuai domisili bumil dosis dilakukan trimester kehamilan dosis disesuaikan interval vaksin digunakan simak video lengkapnya
450,protokol kesehatan pas piala menpora jalan pemain pelatih staf semua vaksin main swab semua orang area venue pakai masker penonton bus menggunakan bus bangku bus isi pemain
451,lho yg jd masalah lagian kan skrg dudah e ktp gitu lho semua kan warga negara gak mungkin jg mo vaksin berulang ulang klo jatah blt yg tipu kadang keqi jg dg model kebijakan begini kan mengejar kekebalan imunitas katanya
452,blm dpt giliran tiap kali reservasi penuh terus kuota pingin segera vaksin nih
453,smua vaksin waktunya yg enggak
454,kiamat dekat jerinx sid bersedia disuntik vaksin corona
455,pertama bagaimana punya dosis vaksin notabenenya vaksin kelola negara kedua gratis masyarakat kurang mampu bukannya gratis semua ketiga siapaaa
456,selama punya identitas kia ktp warga solo silakan vaksin solo
457,program begini knp mesti cuma dki sih pemimpin daerah koq gak dibantu yg butuh vaksin bukan rakyat dki
458,vaksin nyuntik e koyo ngaduk glepung diublek ublek jarume sek ng njero kulit suog
459,pake undangan vaksinn soale aku mau vaksin
460,tdi aku vaksin cuma nunjukin undangan doangg
461,aku vaksin doangg
462,ayo dong yg udah vaksin naik krl
463,senin vaksin knp deg annya udh mulai dr skrg
464,kayak vaksin dr ums kapan lalu post ig buat semua ktp pas hbs isi gform tyt cuma ktp surakarta malah diarahkan masuk grup tele panitia anak bem infonya ga jelas berubah dataku gimana hmm
465,vaksin covid dilakukan masif kebawah minimal kelurahan digerakkan tiap gitu ben ndang rampung
466,vaksin
467,hari ne aq vaksin hadew biyoh suntik
468,ngurus pindah vaksin dosis kedua aja udah kek simulasi pindah ktp bgst lempar sana sini asw
469,aku sinovac ga ngerasa efek apa vaksin kalo bapakku bbrp kluqrga tmenku dapetnya astrazeneca malem abis vaksin langsung demam tinggi seharian
470,jujur pak tertarik mall kalau syarat apa vaksin mbok persediaan wilayah lihat apa ngk
471,hbs vaksin ngopi gak to
472,mas ojol angkringan a koe ga vaksin po b wegah medeni og malah do loro a heleh mung mitos kui nek mitose bar vaksin ngaceng mesti koe sik dewe jingan og
473,sori salah yg tadi vaksinasi bukan vaksin
474,mangkat vaksin malah tertolak kleru tanggal
475,non domisili daftar kuota penuh terus sedang perjalanan membutuhkan sertifikat vaksin
476,memanfaatkan mall ditutup selama ppkm menjadi lokasi vaksinasi warga solo diharapkan memberi kenyamanan penerima vaksin percepatan vaksinasi
477,ngantri vaksin koyo ngantri tekaning jodoh
478,efek pertama vaksin astra ndek kae meriang hari wkwk trus vaksin kedua belom nunggu sampe tgl agust
479,alhamdullilah banget habis sidang langsung vaksin jadi bener bener hibernasi
480,siapa yg bilang gak mau noh kota awal buka vaksin antrian bludak mayoritas yg cari info vaksin malah pekerja luar kota yg merantau soalnya ktp luar
481,vaksin efek ketiga efeknya ko gini
482,hahaha ceroboh bgt bisabisanya salah tgl vaksin terlewat untungnya ttp heuheu
483,dapet vaksin az istri demam kakak sama adik ipar demam akunya enggak apa disuntik air gula
484,menggenjot sasaran vaksinasi kelompok pemkot solo mengadakan layanan mobil vaksin keliling beroperasi sejak juni lokasi berbeda lebih warga pralansia lansia mengikuti program
485,info vaksin colomadu karanganyar dongg
486,bener ga katanya vaksin suntikanya lebih sakit
487,vaksin kedua melakukan donor darah selang berapa minggu
488,sabar njir mau vaksin kedua dlu baru mau mikirin jkt
489,lemes beb senin aku vaksin
490,vaksin khusus nakes
491,mohon info utk layanan vaksin stasiun solo balapan donk terima kasih sebelumnya
492,dapet kuota vaksin dosis pertama pengen
493,barcode kartu vaksin isinya apa
494,selesai uas leha leha selesai uas vaksin
495,pawang vaksin kudu semangat ra sambat
496,semangat vaksin mbak
497,rasa malu amp kepentingan kelompok idi amp bppom dr terawan sang penemu vaksin nusantara
498,g paham aku emg grup vaksin
499,vaksin pertama apa
500,segera vaksin ojo ditunda tunda
501,owalah iki sing vaksin awakmu tho kirain pitikmu
502,sobat soloraya butuh info vaksin follow instagram yak
503,udah vaksin dapet diskon kokumi ena bgt
504,yaampun ngeri betul mana bang jago menantu idaman sok galak anjir ibu samping gue sampe shock aduh mbak kok pake teriak teriak vaksin deg degan takutt
505,terus aku cerita mama plus nanyain ga sih koordinasi pusksesmas bang jago menantu idaman kui trs mama jawab gaenek koordinasi blas wkwk konsep e vaksin hadapi lakoni ckckck
506,tadi aku vaksin nganterin sahabat e mita sm adekku vaksin massal yg judulnya sih idaman e cah cah plus bang jago kerjasama puskesma tempat mama kerja sampe sana jujur kaget
507,blm vaksin gak naik ka pesawat gmn dong
508,vaksin kedua beres alhamdulillah semoga pandemi segera pergi
509,vaksin vaksin vaksin yok enggal vaksin enggal mantai estu kepengin holiday lurr
510,koyo aku golek vaksin ngungkuli golek gawean kudu orang
511,ning kantor ning kopinan ning tempat vaksin ning gym playlist lyodra pesan terakhir ngasi apall
512,tepat pilihannya vaksin lebih terjadwal disiapkan terutama memiliki comorbid lakukan terlambat persiapkan stage kalahkan stage
513,btw orang kantor ane yg dulu anti vaksin akhirnya kmrn ikutan vaksin
514,banyak pt yg nyuruh bahkan mengultimatum karyawannya vaksin nyari sendiri miris pak
515,vaksin
516,makanya mama males bgt ngedukasi orang yg gamau vaksin katanya ngapain orang vaksinnya tuh ga sebanyak yg digembar gemborkee wkwk org yg bebal gamau vaksin biarin aja yg pengen vaksin aja banyak kok
517,udah vaksin belom sakit lho badanmu ditusuk jarum chat berakhir wkwkwk
518,baru tgl besok vaksin pertamanya soalnya dr kmarin kyk flash sale booking kuota vaksinnya
519,dosis vaksin pertama sama kedua beda ngga sih
520,kata sape sini mau vaksin rebutan dulu
521,vaksin dosis done
522,samsoyo ora dong jare stok vaksin jt lha saiki mana kehabisan vaksin
523,nek g kyo sistem pemilu kae lho kan rt moro ng satu tempat jadi vaksin e luweh cpt pengen ku ngono
524,tanggal bapak vaksin kedua mama vaksin kedua aku sama cella vaksin kedua yuk bismillah keluarga pak slamet sehat sehat terus
525,kalo vaksin g dijatah rt jadi petugasnya yg muter keliling rt buat suntik gitu kan otomatis udah langsung vaksin semua jadi lbh cpt gitu
526,kok malah nyalahin vaksin
527,aku mau dikon milih sedurunge vaksin mas ironman spiderman karo leck man trus aku pilih de e sing nompo aku onone
528,ameh sok sok an idealis anti vaksin nan bareng dikon seko kantor yen ra vaksin rasoh absen akhir e yo mangkat jilakk
529,vaksin dlu bor
530,aku lali kertas vaksin ku tak dokok ngd
531,iya jg aku khan ngegym trus org rmh chat kasih broad cast abis vaksin sejml ibu parti akhir nya kena virus yg meninggal yg koma trus aku nanya temen ku yg dokter tp tugas disby bilanh jg gak cape kudu dirmh
532,efek nya stl vaksin tuh ngantuk trus pengen makan mulu trus lemes gitu badannya kalo pas kerja longgar maksudnya gak byk kerjaan tp pas fitness biasa aja biasa fitness aku pake suplemen tambahan aku pake fast full bwt ngimbangin partner ku
533,aku malah abis vaksin trus sorenya fitness pake beban berat soale aku bareng partner kuu malahan gpp tuhh
534,proses penerbitan sertifikat vaksin pedulilindungi app jg cepet banget beberapa jam vaksin terbit unduh rencana mau dicetak laminating sendiri takut privasi data bocor klo pake jasa cetak kartu meski dah bocor paling darkweb
535,pas vaksin pertama menit abis vaksin langsung pegel lengan yg kedua nyaris ga efek samping apapun beberapa jam vaksin yaa biasa aja ngantuk sih wajar lha semalem begadang laper wajar lha blm sarapan
536,liat pake mata sendiri pas cairannya masuk sensasi ngilu yg gimana gitu abis proses vaksin nunggu bentar surat keterangan dikasih kemudian beres deh
537,sempet beredar video beberapa waktu lalu yg cairan vaksinnya ga disuntikkan cm nancepin jarum aja karna insekyur jadinya vaksin dosis kedua ku liatin proses nyuntiknya maap bukannya aku tak percaya sus biar lega dikit hehe beneran divaksin kok
538,prosesnya kurang lebih sama kayak vaksin pertama amp lebih cepet bagian screening tensi malah lebih tinggi sampe ditanya dokter muda kan maap klo vaksin terjadwal ga dadakan gini gampang kepikiran aqutu dok
539,vaksin dosis kedua selesai h sempet bingung lokasi vaksin sms nya dulu kalau lokasi kedua klinik polres untung iseng nanya admin pak pulici ig polres surakarta bener lokasinya tetep lokasi vaksin pertamabalaik
540,si adek brisik pol blm dpt sms sertkfikat vaksin
541,inpo vaksin non domisili bre
542,vaksin campak wes ben kalo dicampakkan iku ora ngrantes
543,matur nang ibukmu rapopo telat vaksin sing penting imun ra gampang cidro
544,habis vaksin nafsu makan nambah kenceng makan terus tp gabisa gendutt anjir wkw
545,yo ngisi form vaksin monggo
546,pas dateng mau vaksin antri isi form bawa fotocopy ktp verifikasi tatap muka memang mantap indonesia tercinta
547,yok berminat vaksin malam pkl dibuka pendaftarannya hari vaksin kuota orang orang per hari sing penting berusaha
548,yeaa siap menerima vaksin
549,logika yg vaksin x aman perlu tes sana sini jd pertanyaan kalo vaksin x tp tetap tes hasilnya positif terus kapan pandemi selesai
550,apa vaksin sinovac sinovac merupakan nama perusahaan biofarmasi asal beijing memproduksi vaksin bernama coronavac jenis inactivated vaccine coronavac bekerja menggunakan partikel virus dimatikan
551,iyo ki alhamdulillah mugo ndang tambah akeh vaksin centre e
552,nyari vaksin susah setengah mampus
553,ayo vaksin
554,cara berpikir aneh begini mengakibatkan disinformasi soal covid isu ambulan kosong muter muter akhirnya ambulan lewat dilempar isu vaksin memasukkan chip akhirnya banyak yg anti vaksin byk yg meninggal rs yg disalahkan rs logika ajaib nitizen indon
555,bar vaksin tiga kok efek e lemes ngene
556,aku tp vaksin coz stok vaksin az sampe oslo
557,lha mau vaksin lewat endi must coba lapor pihak sing gawe vaksinasi sing mbok parani
558,edukasi mmg semua ttg vaksin kurang edukasi masyarakat desaku vaksin pertama oke tp stlh mau vaksin kedua g mau krn sdh kena hoax yg beredar dimasyarakat smga dipermudahkan
559,jadi vaksin tetap prokes mana tinggal bawa kartu vaksin bukan hasil swab antigen pcr
560,mobil vaksin tiap puskesmas seluruh indonesia jemput bola hari pindah rt vaksin tuh seada adanya orang yg divaksin biar cepet target marketing minimarket aja kalo kejar target jemput bola kok
561,baru sebulan disolo males vaksin swab kl mo balik
562,vaksin o saiki mumpung isine chip nek taun ngarep krungu isine kacang ijo karo coklat
563,vaksin sek berbentuk kapsul ono ra to asuog pengen vaksin wedi jarum
564,vaksin kok aku merasa transfer data jadi cepet banget via infrared
565,efek vaksin laperr ngantuk bukan efek mah emang kebiasaan aja kalo ga laper ngantuk
566,klo habis vaksin apa donor plasma bro
567,berakhir wedyan seneng banget akhirnya vaksin hwaa wkwk
568,info vaksin
569,nurunin tensi waktu menit gimana guyss kasi solusi dongg pusing gabisa vaksin grgr tensi tensi
570,yukk vaksin yukk doain guyss wkwk
571,semoga pemerintah kian massif memberikan vaksin covid ditempat nyaman disiplin protokol kesehatan ikuti sosial media ig sukoharjo fb pku sukoharjo twitter youtube pku muhammadiyah sukoharjo website
572,yg ga percaya vaksin plis diem aja jangan koar tulisan mu membahayakan buat nakes kalo ga biasa nanganin covid plis jgn lgsg panik dger cerita pasien panikmu membuat org ga percaya sm rs
573,awal mau siap vaksin pak daftar ol selalu trjawab kuota full pdhl batu jeda gak menit link reservasi dibuka gimana donk pak solusinya
574,benar mas pdhl sekarang apa hrs nunjukin kartu vaksin yaa
575,vaksin sukoharjo apa kabar
576,istri tenaga medis kok cara omgnya spt tdk paham tujuan vaksin bersyukur lu ud dpt vaksin yg dpt vaksin byk kesusahan mendapatkannya bersyukur jg udah vaksin lu udah terpapar n skg msh hdup bs ngetweet lol
577,vaksin banyak yg mati
578,bilangin aja mas kalo sertifikat vaksin ngambil bansos
579,disini major issue vaccine availability banyak yg menganggap vaksin bagian politik
580,vaksinasi karanganyar lewat pintu min dinkes lik yg sediakan dinkes baru menit kuota langsung full antusias warga vaksin besar mohon tingkatkan
581,info vaksin dong mi
582,emange kalo vaksin dipasangi cctv gitu
583,iya jurus jitu dicoba pegawai yg gak ikut vaksin gak thr nantinya
584,aku punya karyawan janda anak satu dah gede aku suruh ikut vaksin gak mau alasannya takut takut tiga tahun jadi zombie gus alloh sopo sih nyebarin hoaks kalo vaksin jadi zombie mbok ngaku
585,hari vaksin
586,lagian aneh vaksin kok bayar
587,vaksin karanganyar rebutan kuota daftar onlen ngalah i flash sale xiaomi
588,isinya covid virus virus virus terus vaksin vaksin mending download smadav aja deh kan anti virus lebih manjur vaksin
589,nah yen wes iso daftar kabeh kan tinggal nunggu kapan giliran vaksin nek dibatasi ngene iki kapan rampung e ayo lah kerja cerdas kerja efektif mohon bantuan lah pak gub
590,ibaratnya berperang melawan covid dipersenjatai vaksin musuh sedang mengepung sos vaksin sos vaksin
591,hallo fenomena pendaftaran vaksin kok yo berlanjut yaa mbok wes ra usah nganggo kuota pendaftar nek misal maksimal dosis google form e rasah dibatasi open wae sak okeh pendaftar vaksin tinggal diurut sesuai nomor google drive
592,dalan e ojo ditutup ning nggonku arep do vaksin bingung meh lewat ngendi lha dalane ditutupi kabeh trus males budhal
593,jadwal vaksin dosis mu kapan
594,buat vaksin kak read astrea zanev
595,gini lho mas bukan buzzer pakai logika pakai nalar kalau mau berkiblat negara udah lepas masker sah sah melalui proses pakai prokes pakai vaksin pakai otak
596,halo sahabat mido pernah geram melihat perilaku wna taat protokol kesehatan anti vaksin langsung maupun menyaksikan via sosmed
597,msh bingung dg vaksin vaksin tempat a vaksin tempat b bahkan beda provinsi
598,heran aja yg vaksin cuma buat syarat bepergian
599,aman efek pegel jam vaksin
600,vaksin covid asal china sinovac semakin diragukan dicoret beberapa negara dinilai efektif melawan varian baru corona delta
601,bar vaksin kok madang e peng dewe
602,vaksin dosis hari negatif covid
603,jogja hampir hari mba info vaksin bebas domisili kudu effort lebih daftar antrian panjang tp infonya terselenggara disini infonya anyep doang
604,sejauh sih efek vaksin cuman laper semoga segini aja sih efeknya wkwk
605,capaian vaksinasi cupu minim informasi padahal antusiame masyarakat yg mau vaksin cukup bagus masa iya kudu nunut vaksin daerah tetangga
606,kalo vaksin campak udah blum soalnya ko dicampakkan terus
607,mending aku rebutan daftar vaksin rebutan memilikimu yoan kamu mau og hehe
608,covid berbahaya vaksin melindungi diri sendiri orang vaksin
609,besok vaksin jujur sama dokternya soalnya bilang bulan negatiff
610,nunggu bulan duluu baru vaksin
611,baru pertama kamu gak vaksin anti jomblo
612,vaksin anti galau
613,kok aku malah ra sabar vaksin yo ben nek koncoku crito aku yo iso crito ngono lho jiakhh
614,halo admin gimana prosedurnya vaksin stasiun infonya
615,henseni gpp ayo vaksin
616,vaksin pertama sehat sehat semua
617,halo admin gimana prosedurnya vaksin stasiun keperluan mendadak naik kereta vaksin infonya segera
618,semoga lose streak akibat solo rank pagi menganggu vaksin
619,siapkan kartu vaksin pcr ehac
620,selamat pagi mau tanya ibu sy vaksin kedua tp ktika mau liat sertif vaksin kok ga apps web nya pdhl cek nik nya tertera vaksin x gmn min
621,njenengan wes nate kenek po wes vaksin to
622,alhamdulillah entuk vaksin jalur
623,alah biyuung arep vaksin angel e ra karuan saben bengi arep daftar kok uangel e ra umum mbok yo koyo kota surakarta kae jogja kae vaksin sak nggon nggon karanganyar kok ruweet banget tho lae lae nyuwun tulung niki pak gubernur
624,daerah ngendi mas distop takoki vaksin po mas
625,vcs vaksin corona sayang
626,abis vaksin reaksinya km gimana nder
627,punya asam lambung vaksin ga sih gaes
628,vaksin sukses indonesia sehat
629,efek vaksin ternyata bikin ngantuk yaps
630,yg terjadi sama ibu vaksin kena covid isoman masum hari empat lemes batuk anosmia semoga menjadi parah bersyukur beliau divaksin
631,btw aku habis vaksin kmpus wkwkkw
632,min kampus g ngadain vaksin utk alumni
633,selamat pagi pak info vaksin area sukoharjo yg melayani pendaftaran dmana nggeh maturnuwun
634,vaksin sek
635,vaksin kali tubuhmu kapalen
636,lha kalau yg gratis ngapain gakmau vaksin
637,tenang banget ben sesuk lolos seleksi vaksin kapan kae ditolak pas cek kesehatan kok
638,bismillah daftar vaksin online menit ful quota
639,win win solution sih buat yg gadapet vaksin amp punya berkat lebih biarin aja gausah nyinyir yg butuh vaksin tp tiap bukaan vaksin coba daftar tp gapernah dapet ngerti rasanya vaksin gratis dr pemerintah jg ribet netijen
640,gak perlu protes protes vaksin berbayar kalau gak mau bayar ikut gratis kok pakai sinovak kalau suatu terinfeksi virus dinyatakan positif meski faksin sangat mungkin komen gratisan kok minta kebal terus
641,jadii kalau gak mau antri vaksin gak mau gratisan mau nyaman waktu vaksin ikut vaksin berbayar kimia farma kalau suatu positiv c kategori cluster vaksin gotong royong yg berbayar vaksin nasional yg gratisan
642,info vaksin daerah solo dong
643,gue baru tau brand pengisi dapur gue kompor oven bikin vaksin
644,harusnya gitu kuota terbatas heu tp kalau gak dapet vaksin direfund kok
645,asiq sido vaksin
646,vaksin dikon mbayar bar iki vaksin gratis lelet pelayanannya titeni
647,akhirnya vaksin buat beberapa orang cuman kayak helm bukan buat nglindungi kepala d jalan tp biar pergi jauh
648,gak indonesia aja kok vaksin berbayar india berbayar kok yo miris negara gak menanggung rakyatnya masalah vaksin
649,ayo monggo berkenan vaksin
650,info solo sing vaksin sing mbayar nandi yaa
651,covid yo sorry aku yo sehat tp nek rep vaksin daftar kok susah no hp wes trdaftar lhoo esih ora iso asutenann
652,efek vaksin po yo
653,finally abis vaksin pegel kayak donor darah biasa ngantuk banget keknya begadang beruntung tensi gak naik jadi lanjut vaksin
654,vaksin solo hampir merata karanganyar klaten umur lansia banyak belom mulai vaksinasi
655,ra vaksin vaksin nan ciu bekonang tahan segala medan penyakit apapun mletre
656,vaksinasi kuota selalu habis ahli ikutan vaksin pak
657,pukul tadi terhitung manusia yg antri buat ambil kupon vaksin wkwk gatau sekarang dah berapa males tengok
658,vaksin kedua pebruari negatif covid per april bb ga sampek blm menikah gaboleh donor
659,vaksin e ra roto klaten karanganyar wae akeh seng hurung divaksin umur an
660,jam malam h keberangkatan udah orang yg antri buat vaksin mana antrian kupon buka jam pagi mantap djiwa semoga kebagian gada ditilep orang
661,habis vaksin emang laperan masak iya tadi makan jam trus laper
662,sertifikat vaksin jadi syarat perjalanan wabah merajalela sulit sekali mendapatkan vaksin antri jam ternyata katanya kuota penuh sistem pendaftaran todak jelas byuh kudu piye iki
663,kalo logikanya harusnya sakitan tattoo mana mana sih vaksin cuma satu jarum langsung cubles cuss udah selesai tattoo udah jarumnya lebih satu alat modern biasanya jarum tattoo terakhirku pake jarum lama prosesnya
664,bisanya gudang vaksin terbakar konspirasinya gila
665,ayo vaksin petugase cantik cantik
666,iya to orang gitu lho kan dulu prnh kasus penjualan vaksin perorangan pdhl jatah negara gratis negara semua wni kan kejujuran personal disini yg eksklusive
667,sedih banget soalnya kekny daerah yg stasiunnya gada vaksin ngumpul stasiun deh keknyaa huhu refund gak angus aja
668,loket buat ambil kupon buat vaksin dibuka jam yg antri udah yg datang jam malam diprioritaskan yg berangkat h jadi kalo datang h h hari h gabisa sehari kupon vaksin yg dibagikan antri kupon diwakilkan
669,direwangi tangi esuk malah rasido vaksin
670,vaksin pertama nomer urut rasa optimis gitu wni mau vaksin bayangkan tempat sehari orang lumayan kalau hari udah orang disitu percaya sebenarnya wni tu ngga ndablek ndablek ko
671,bangun tidur tiba pengen vaksin vaksin biar vaksin biar jd syarat mau ngapa in
672,emng paling bener abis vaksin tidur
673,khusus buat h keberangkatan kan yg vaksin stasiun
674,info vaksin presisi kota sukoharjo jateng min maturnuwun
675,pengen pulkam naik kereta biar sekalian vaksin sama swab takut gak kebagian kuota vaksin berakhir tiket hangus
676,efek vaksin tnan nek iki
677,hawane luwe terus i efek vaksin ki
678,habis vaksin bosku
679,after vaksin ngantuk pegal pegal pusing
680,nasib ktp bukan solo susah dpt jatah vaksin
681,yoh vaksin yoh semangat
682,golek suntik vaksin seng gratis kok angel yo ndadak rebutan opo suntik narkoboy wae pe
683,nek do wegah vaksin nggo aku wae kuotane please aku butuh
684,info vaksin
685,aku lg sadar ternyata menkes e saiki i dudu wong medis jebul wong bumn makane o giat men vaksin ngendi dituku
686,dulu begadang terus vaksin alhamdulillah ko
687,bapak ktp sukoharjo mau daftar vaksin ten pundi njih minim sekali pak informasinya beda banget sama solo program vaksinasi sukoharjo gk jelas pak
688,habis vaksin lumayan mriang jg yak
689,coba daftar vaksin daerah mu yu
690,hiahia wkwkwk aku cuman jaga yu kalo sewaktu balik kalimantan soal kartu vaksin aku blum vaksin soalnya mau daftar vaksin sih
691,dobel mask terkena memang udara sehat lupa sedikit memakai masker minum terkena sangatlah hati meski dobel vaksin
692,dong palagi pasca vaksin
693,vaksin sik
694,alhamdulillah hari kedua udah enakan banget badane gila badan drop kepikiran virus semengerikan plus pernah terpapar vaksin grgr ktp luar yuk yuk sembuh sat kangen masak dapur nih
695,habis vaksin pertama terus ppkm bener bener disuruh jaga diri dirumah biar ga luar ketularan
696,terakhir beli pas ga sengaja ketemu depan puskesmas pas mau vaksin
697,vaksin disuntiknya kan im pengen req bokong ga sih
698,tau vaksin covid daerah kota solo buat orang luar solo gratis poltekes nyari kehabisan nih mohon infonya
699,quote of the day vaksin memendekkan umur vaksin memanjangkan umur
700,mulai pemberlakuan kalo pergi pergi mesti nunjukin kartu vaksin aku
701,w ngga pro ngga kontra pemerintah tp wn yg baik elu harusnya jg nurut apa kata pemerintah ngga cuma protes aja dah vaksin emangnya kok ente bebas keluyuran
702,abis vaksin kedua rasanya kemeng
703,kemarin bpk mertua vaksin
704,ternyata vaksin tanda akhir zaman soalnya semua orang vak sin sin
705,wkwkwkwk ppv pencari vaksin balik kampung
706,aku bar vaksin jare isoh positif yen bar vaksin
707,akhirnya vaksin kawan
708,sekarang kalo mau luar kota syaratnya punya kartu sertifikat vaksin
709,tenang sodara kalo pingin liburan kalo pingin ziarahi mprop bebas gaperlu surat vaksin
710,gapapa gak habis vaksin langsung swab hasil positif
711,eh btw program vaksin fk sampe kapan gaeess aku baru dapet infonya tadi sore
712,kemarin check in hotel wajib pakek sertifikat vaksin
713,alhamdulillah mbak td aku terpaksa rodo crigis wa grup gara vaksin
714,yeay vaksin seneng bgt difasilitasi sm kampus daerah sendiri lama bgt si ngurus vaksinasinya hmph
715,vaksin non domisili area solo raya available si terhalang ktp ni
716,min mau tanya kalau naik kereta api jarak jauh apa wajib menunjukkan kartu vaksin
717,vaksin jangan sekali swab otomatis positif
718,maturnuwun kesempatan vaksin pertama hari beberapa purnama menunggu nekat ngeyel
719,bravo polri pandemi polri memberikan vaksinasi gratis tembus lebih satu juta vaksin ayo vaksin ditunggu tanggal juni datang membawa ktp polri mengabdi negeri indonesia maju
720,bravo polri pandemi polri memberikan vaksinasi gratis tembus lebih satu juta vaksin ayo vaksin ditunggu tanggal juni datang membawa ktp polri mengabdi negeri indonesia maju
721,bravo polri pandemi polri memberikan vaksinasi gratis tembus lebih satu juta vaksin ayo vaksin ditunggu tanggal juni datang membawa ktp polri mengabdi negeri indonesia maju
722,bravo polri pandemi polri memberikan vaksinasi gratis tembus lebih satu juta vaksin ayo vaksin ditunggu tanggal juni datang membawa ktp polri mengabdi negeri indonesia maju
723,bravo polri pandemi polri memberikan vaksinasi gratis tembus lebih satu juta vaksin ayo vaksin ditunggu tanggal juni datang membawa ktp polri mengabdi negeri indonesia maju
724,bravo polri pandemi polri memberikan vaksinasi gratis tembus lebih satu juta vaksin ayo vaksin ditunggu tanggal juni datang membawa ktp polri mengabdi negeri indonesia maju
725,bravo polri pandemi polri memberikan vaksinasi gratis tembus lebih satu juta vaksin ayo vaksin ditunggu tanggal juni datang membawa ktp polri mengabdi negeri indonesia maju
726,bravo polri pandemi polri memberikan vaksinasi gratis tembus lebih satu juta vaksin ayo vaksin ditunggu tanggal juni datang membawa ktp polri mengabdi negeri indonesia maju
727,bravo polri pandemi polri memberikan vaksinasi gratis tembus lebih satu juta vaksin ayo vaksin ditunggu tanggal juni datang membawa ktp polri mengabdi negeri indonesia maju
728,bravo polri pandemi polri memberikan vaksinasi gratis tembus lebih satu juta vaksin ayo vaksin ditunggu tanggal juni datang membawa ktp polri mengabdi negeri indonesia maju
729,bravo polri pandemi sekarang polri memberikan vaksinasi gratis tembus lebih satu juta vaksin ayo vaksin ditunggu tanggal juni datang titik vaksin membawa ktp indonesia maju
730,bravo polri pandemi polri memberikan vaksinasi gratis tembus lebih satu juta vaksin ayo vaksin ditunggu tanggal juni datang titik vaksin membawa ktp indonesia maju
731,bravo polri pandemi sekarang polri memberikan vaksinasi gratis tembus lebih satu juta vaksin ayo vaksin ditunggu tanggal juni datang titik vaksin membawa ktp indonesia maju
732,semoga vaksin dosis segeran kaya kemarin
733,bulan lalu gagal vaksin covid alhamdulillah kmrn bs vaksin alhamdulillahnya pasca vaksin aku ga ngeluhin apapun bahkan segeran bgt habis vaksin
734,ambu ambune endorse covid po mbah aku bar vaksin ki mbah
735,waktu vaksin penyakitnya taruh luar dulu
736,tunggu aja keluar vaksin yg diolesin
737,aku dah vaksin jatah temen kantor hehe skr tepar meriang
738,udah dpt undangan dr kampung buat vaksin besok balaikota solo
739,baru dapet vaksin langsung diuji sama virus nakal mungkin gak sih cluster baru
740,cobo golek info ne poltekes solo ws buka vaksin rung kui nggo ktp luar kota iso
741,akir e kebagian jadwal vaksin istri tiap hari cari info medsos semoga menyusul vaksinasi usia min thn nya khusus nya daerah sukoharjo sehat semua prokes masker dobel sik
742,info dong solo vaksin non domisili
743,pertanyaan vaksin ga sama sarunya kayak tanya keimanan entah berdasar ga
744,vaksin yo vaksin
745,kata vaksin berasal dr kata vacca yg berarti sapi lalu diberi nama apa hubungannya vaksin dgn sapi
746,hatinya jgn lupa vaksin yaww
747,rebutan booking vaksin jakarta bikin sakit perut berasa ppdb
748,seri vaksin jadi titan ga nih
749,yak keluarga isoman ku tetep saling support walo cuman wa semangat de menunggu kepastian vaksin dinas perdangan koperasi umkm kab sukoharjo katanya pelaksanaan mulai tgl blas rung enek sms wa
750,up yg aku pengen bgt tau jawabannya soalnya pengen vaksin pfizer
751,solo cepet banget daftar vaksin tinggal klik halodoc pilih jadwal sesuai dikota
752,alasan pak met ga mau vaksin jeneng penyakit e aneh obat e hurung ketemu belom mau jawab
753,vaksin yg kedua lebih kerasa sakit sih wkwk
754,gencarkan vaksinasi massal tni polri menargetkan juta vaksin sehari mempercepat proses vaksinasi merata seluruh indonesia serentak wilayah polda
755,gencarkan vaksinasi massal tni polri menargetkan juta vaksin sehari mempercepat proses vaksinasi merata seluruh indonesia serentak wilayah polda
756,gencarkan vaksinasi massal tni polri menargetkan juta vaksin sehari mempercepat proses vaksinasi merata seluruh indonesia serentak wilayah polda
757,tanya jadwal vaksin utk msyrkt umum ae ra tau jwb lurr
758,leganya udah h after vaksin gadapet side effect yg aneh jd ngantuk terus seharian
759,seorang teman kantor bayi kandungannya malam meninggal covid vaksin x
760,jare mas gibran jumlah vaksin sama rata ki
761,vaksin warga gregeten sama ibu ibu tetangga mentang celah meskipun kk bukan sini selama domisili disini vaksin disini si ibu bawa sekeluarga besar nya biar dapet vaksin parahnya ngatur warga yg antri sebelah
762,tergantung daerah asalmu aku dapet giliran vaksin rumah
763,suatu hari dapet jatah vaksin gas in aja bro cuma kalo keadaan kek gini ngandelin prokes ketat aja jga gatau org ditempat umum yg temui keadaanya kek gmnaa
764,ngaranmu apik vaksin ra tik
765,akhirnya vaksin jadi pamer pokoknya kalau acara vaksin vaksinan daftar aja ngga ribet kok mumpung kota aware jadi enak perlu antri lama resiko berkerumunnya rendah gas pokok e
766,semua link google form vaksin asli semua sehari terima link beda pendataan vaksin
767,evek vaksin bikin melek jam
768,solo arep digalakke vaksin we komen e modelan ngene ki trus nek positive rate e duwur sg disalahke pemerintahe teros rasah gaya ngomong luwih percoyo imun tubuh sendiri nek kudanan sitik we pilek masuk angin bos
769,polri bersama tim dokter vaksinasi covid melaksanakan vaksin massal masyarakat rangkaian hari bhayangkara
770,polri bersama tim dokter vaksinasi covid melaksanakan vaksin massal masyarakat rangkaian hari bhayangkara
771,polri bersama tim dokter vaksinasi covid melaksanakan vaksin massal masyarakat rangkaian hari bhayangkara
772,polri bersama tim dokter vaksinasi covid melaksanakan vaksin massal masyarakat rangkaian hari bhayangkara
773,polri bersama tim dokter vaksinasi covid melaksanakan vaksin massal masyarakat rangkaian hari bhayangkara
774,polri bersama tim dokter vaksinasi covid melaksanakan vaksin massal masyarakat rangkaian hari bhayangkara
775,polri bersama tim dokter vaksinasi covid melaksanakan vaksin massal masyarakat rangkaian hari bhayangkara
776,polri bersama tim dokter vaksinasi covid melaksanakan vaksin massal masyarakat rangkaian hari bhayangkara
777,polri bersama tim dokter vaksinasi covid melaksanakan vaksin massal masyarakat rangkaian hari bhayangkara
778,polri bersama tim dokter vaksinasi covid melaksanakan vaksin massal masyarakat rangkaian hari bhayangkara
779,mau bertanggung jawab sopan pakai maskermu cuci tangan sanitize jaga jarak taat tracing vaksin tersedia
780,solo aja mas modal ktp langsung vaksin
781,kalo indo komennya covid meneh covid meneh apa bla bla bla apa capek nakut nakutin orang bla bla bla jadi bekerja sepi bla bla bla padahal cuma disuruh pakai masker cuci tangan jaga jarak vaksin
782,iya ni ktp luar semarang mau daftar vaksin gratis keterangannya bukan warga semarang begimana
783,haduh vaksin x baru sadar seminggu kemudian makanya tanya nik sebutin tp dokternya kayak bingung karna didata laptop nya ga nemu nik tulis nama baru muncul
784,tak tahulah akika sama menfess diatas kan vaksin diciptakan biar kebal suatu penyakit bukan ajian rawarontek emang soalnya abis divaksin kebal bacok blunder
785,fungsi vaksin garis besar kan emang imunitas kekebalan tubuh
786,iyep tau vaksin merangsang imunisasi pembentukan igg
787,gelombang kedua vaksin udah mulai dikebut
788,maaf min mo tanya nik kartu sertifikat vaksin salah angka berpengaruh kedepannya
789,allhamdulillah pilek udah sembuh kok abis vaksin kena pilek huhuhu padahal aku pengen es cincau sar nongko
790,ditulisnya vaksin
791,first vaksin done
792,serumah cuma w yg vaksin
793,ig story isinya vaksin berita temen yg positif covid
794,vaksin yo yowes nek ra vaksin yo yowes
795,kalau info program vaksin utk usia lt tahun area solo raya yogyakarta info dong suwun tweeps
796,datang puskesmas jadwal vaksin kapan lalu tanya yg terdaftar ikut gak kalau gak pas hari h datang jam tutup kalau sisa vaksin pakai cara biasanya berhasil
797,aku abis vaksin jadi ngantukan gampang lapar ku pikir ko ndak sembuh efeknya ternyata ngantukan gampang lapar sifat gawan bayiku
798,gw ga kak gw vaksin maret lalu sampe sekarang sehat walafian
799,patuhi protokol kesehatan vaksin tetap prokes
800,patuhi protokol kesehatan vaksin tetap prokes
801,udah kena aja kadang masi parno lau cuman vaksin uda sesumbar sehat sehat aja dah moga lu semua
802,monggo munggah kaji indonesia murah meriah syarat vaksin karantina kitab al bujairomi alal khotib diterangkan menziarahi kuburan kedua orang tua salah satu orang tua hari jumat pahalanya haji bahkan lebih
803,kalau bantuan gak hubungane vaksin vaksin diperiksa tekanan darah nek ora lolos yo orasido vaksin karo nek nduwe riwayat penyakit berat luwih apik konsultasi karo dokter spesialis disik
804,info vaksin rs bethesda
805,klo tdk berhubungan dg kisruh diplomasi vaksin covid trus apa masalahnya yakin pemerintah arab saudi tdk mau dijadikan kambing hitam ketidakberangkatan haji tahun semakin curiga apa
806,info vaksin wilayah solo sekitarnya pls
807,lama menunggu mendaftar x giliran vaksin semoga pelaku jada wisata boyolali segera mendapat vaksin amiin
808,tanyain langsung rmh sakit nya mas khan skg kalo org yg nemenin sodara ato famili vaksin ehh disuruh daftar sekalian bawa ktp sama kk
809,aku disuruh vaksin aja tukads hbs kalo gk karna ngasih contoh anak emoh kayaknya
810,temen istri vaksin positif gmn dok
811,vaksin sih emang perlu ngga kalo pas disuntik ngga usah pake divideoin segala kau disuntik aku ngerasa ngilu liatnya
812,gimana caranya dunia percaya sama cina ujung nya jualan vaksin anehnya yg beli
813,cina mau jualan vaksin bodohnya sj yg mau beli vaksin cina
814,harusnya seluruh negara dunia menuntut cina bukan malah beli vaksin cina
815,my moon how your day hari vaksin kali terasa sakit bekas suntikan nya
816,mengecek berita tersebut valid yuukk cek klik cek hoax lalu search kata kuncinya aja misal vaksin magnet muncul tuh berita bener enggak
817,my moon how your day what you doing now besuk pagi pergi rumah sakit vaksin have a nice dream my moon
818,emang ga vaksin apapun buat mencegah kebodohan sih
819,efek vaksin ngantuk lemes bgt
820,coba dulu himbauan peserta vaksin dgn riwayat sakit asma rhinitis alergi pernafasan harap diperiksa lebih lanjut gak asal coblos skrg hidung paru ku lebih bersahabat
821,sebenernya kalo disuruh milih mau divaksin apa pengennya vaksin pfizer tp belom tersedia indo dpt nya vaksin sinovac tp gapapa karna emang efikasinya lumayan efek sampingnya berbahaya
822,pelaksanaan vaksinasi tahap ii diikuti seluruh karyawan balai rsup surakarta dgn mematuhi protokol kesehatan lindungi diri amp dgn berpartisipasi dlm program vaksinasi covid
823,tumben bgt belom kerasa efek samping nya vaksin pertama efeknya ngantuk pol sampe tidur nyenyak yg belom kerasa ngantuk cuma pegel bagian tangan nya
824,klo solo maret kemarin udeh gabung ma aku vaksin ny
825,semua org ngerasa kalo jarumnya lebih gede karna emang td kerasa sakit wkwk yg vaksin pertama ga kerasa malah
826,dds sambang rumah warga binluh warga yg lansia bersedia suntik vaksin imun terjaga terhindar covid
827,habis vaksin jadi ngantuk puolll
828,mau cek sertifikat vaksin link nya dibuka lalu download apk pedulilindungi dibuka si hp nya support memang diakses aja
829,kontak erat bund ibu hamil yg blm vaksin cm ngandelin herd imunity kuasa ilahi
830,wes lah ra omongam vaksin sek rodok serem
831,lgsg vaksin
832,ketawa liat temen dulu nolak vaksin sekarang bingung cari tempat vaksin namanya pekerja luar negri mau ga mau emang vaksin lah
833,hari vaksin
834,sertipikat vaksin gadein ga si
835,cina buat senjata biologis menyebar seluruh dunia trus negara malah bangga beli vaksin cina
836,kukira kemarin cara menghindari vaksinnya sukses tetep aja dipanggil suru vaksin
837,pelaksanaan vaksinasi tahap i diikuti seluruh karyawan balai rsup surakarta dgn mematuhi protokol kesehatan lindungi diri amp dgn berpartisipasi dlm program vaksinasi covid
838,eh seriusan vaksin ngaruh myd
839,yeuu sejak kapan fungsi vaksin buat mencegah biar ga kena covid plis lah judulnya misleading banget gimana masyarakat mau percaya vaksin kalau beritanya aja macam ni
840,semoga bapak ndakpapa pasca vaksin bismillah
841,adanya vaksin nusantara disini ketahuan mana orang yg benar nasionalis sejati mana yg sok nasionalis sebenarnya palsu
842,hasil rapat warga halal bi halal kampung diadakan mantab an rumah masing silahkan dihias biasalaah umbul sdh mbladus sdh ganti lah wae tuku cak vaksin macet kemungkinan datang baru tanggal ah gua mah
843,sampaikan bukannya butuh hari vaksin kedua baru lebih efektif
844,min sesuk ki vaksin nganggo sinovac opo astrazeneca
845,pak said didu kapan vaksin nya pak mau divaksin pak gak malu kagak punya malu maap nanya satu sisi bapak terus nyinyir dgn program pemerintah sisi mau ikut program pemerintah vaksinasi covid
846,vaksin aestrazeneca jarak vaksin lama bgt padahal vaksin jenis merupakan vaksin masa kadaluarsanya ga lama cuma bulan masa produksi
847,meskipun menerima vaksin diharapkan masyarakat tetap menerapkan prokes dimanapun berada bangkit indonesia sehat
848,respon tubuh vaksin pak artinya vaksin tersebut mulai bekerja jadi ga perlu khawatir memang merasakan demam lemas adapula merasakan sama sekali bergantung imunitas tubuh sendiri
849,vaksin berapa
850,aku malah sama sekali ngga mengikuti berita perihal vaksin vaksin nih masjon
851,kompensasi utk ijin halal produk makanan umkm aja gedee gmn dg yg vaksin
852,kedua penggunaan vaksin covid produk astrazeneca hukumnya dibolehkan yok ngasih info jangan setengah setengah
853,vaksin kapan pak
854,yg nyinyir soal vaksin disuntik mati sajah
855,bganinkamtibmas memberikan sosialisasi ptotokol kesehatan kpd warga subtik vaksin covid dibpiskesmas penumping lwy solo
856,hmm mau jga vaksin
857,senang dah vaksin apa rasanya isni
858,gusti corone ben aku wani suntik vaksin pie sedih banget
859,oalah kupikir kalo punya sertifikat vaksin bebas naik kereta test genose sejenisnya baiklah naik moda aja kalo gt ribet
860,ampun vaksin ternyata gak berasa mungkin terdistraksi dokternya ganteng
861,vaksin kedua lebih nyuuut
862,kalok jaman sekarang kan babi ternak udah vaksin buat babi makanan babi sediakan jadi makanan terkontrol jadi aman aman aja masa iya ga makan babi
863,kok uwis vaksin
864,tanggal kemaren vaksin bsk tgl semoga lbh banyak warga indonesia menerima vaksin membuat indonesia menjadi kuat segera aktivitas bergerak spt biasanya normal aamiin
865,vaksin sik
866,alhamdulillah vaksin pertama
867,males vaksin mesti pekso keluarga
868,kalo gak reaksi buruk udah pulang trus dapet kartu vaksin pertama dapet nomer hp dokter yg dihubungi kalo dlm jngka waktu minggu reaksi gak baik stl divaksin tp aku dah seminggu baik aja puji tuhan
869,sebelom nya ditanyain apa punya penyakit berat misal jantung ato sakit hipertensi yg gitu gak sihh trus tensi jg trus cek suhu badan baru stl suntik vaksin jg nunggu menit reaksinya
870,aku dapet vaksin krn pas kerjaan woro suruh vaksin kok mas makanya aku dapet aku nunggu vaksin yg
871,gratis kok mas sama lah yaa aku pikir stl menghubungi rmh sakit yg nyediain suntik vaksin km disuruh ngumpulin fotokopi ektp sekalian jg ektp asli sama disuruh ngasih nomer hp yg dihubungi dah tinggal nunggu panggil bwt suntik
872,selamat malam mohon info min vaksin utk lansia area kecamatan colomadu desa paulan kapan yaa cara pendaftaran bagaimana
873,ga lama kena lu klo vaksin wkwk
874,rakyat antri divaksin covid pak terawan merilis vaksin nusantara eeeh pak didu jualan masa lalu
875,vaksin pfizer
876,bismillah vaksin
877,puji tuhan udah vaksin kurang sekali hari udah selesai
878,abis vaksin
879,setuju koruptor kalau hidup divaksin cangkemu yo tetep vaksin
880,kamu merokok iya sehari sebungkus yook vaksin gak zat kimia gak tau baik buruknya zat kimia masuk kedalam tubuh merubah sel bayangkan kalau jadi sel kangker hih ngerii bro okey fine sama temenku
881,sedikit mengurangi rasa takut vaksin walaupun takut sih wkwk makasih boriel v
882,takut vaksin bund
883,padahal dulu ga mikir bakal kena vaksin duluan wkwk
884,lolos gasido donor darah malah ketemu neh suntik vaksin
885,nih orang kra besok vaksin aku kra gak anjim kalo gada adminnya sama aja
886,berani vaksin alhamdulillah rumah sakit jih solo
887,kalo besok vaksin ngelabrak admin nih mau ngurus nilai astaga ribet bener admin homebased satu
888,kok kesannya malah gak bener tu vaksin
889,besok vaksin dosis gakk skip aja gajadi diskusinya
890,komandan lanud adi soemarmo kolonel nav i nyoman suadnyana s t m m melaksanakan vaksinasi sinovac tahap pertama bertempat rsau dr siswanto lanud adi soemarmo penyuntikan vaksin covid sinovac dilaksanakan mengikuti prokes
891,tujokno wis tak vaksin komplit
892,vaksin sakit hati opo opo mas
893,kemaren jg barusan dikabari sama vet langganan klo vaksin kucing hampir seindo kosong untung bgt majikan udah vaksin awal januari dok pdhl jadwal harusnya tgl besok tp ditawari vet langganan awal januari kemaren krn solo mau psbb sujud syukur
894,aku percoyo virus corona kui ono nek do ngomongke vaksin karo psbb ora wae lah sek penting nganggo masker cuci tangan wes beres
895,yg kayak aku ga memar sampe sekarang bekas vaksin km pukulin kemaren wkwk
896,jangan jangan selama vaksin online
897,sejauh aman yaa sakit kemeng biasa kalo abis disuntik lah kalo ngantuk ga vaksin kayaknya emang aku ngantukan
898,ga testimoni abis vaksin
899,habis vaksin mau beli eskrim biar kaya pas kecil
900,bentar isi story wa ig twitku vaksin aku post
901,kaget aja tiba tiba hari jadwal vaksin
902,pantaskah penolak vaksin diberi hukuman malam yaa acara free terbuka utk umum tersedia doorprize tuhh ragu pingin nanya soal vaksin disini tempatnya cari info orang yg kompeten dibidangnya yaa mau join zoom pm aja
903,dah lah walaupun njarem habis vaksin ak ttp ngerjain tugas rumah uts
904,wuhan sedang memperingatin th covid terbebas covid masker vaksin
905,gilirin gini aja percaya sama who klo soal vaksin percaya sama akun telurrr ra mashok
906,kayaknya lg mau doktrin deh lagian pemerintah jg lg vaksin biar jadi titan wkwk
907,efikasi vaksin sebesar menunjukkan harapan vaksin mampu menurunkan penyakit covid hingga jangan ragu melakukan vaksinasi covid
908,vaksin
909,laah yg bermasalah palestina x israel kok mbah dayat mau nkri nunda vaksin tuh benang merahnya kok gak gathuk yaa nyambung
910,siap vaksin indonesia lebih sehat jaga diri jaga keluarga jaga negara tetap terapkan m jangan remehkan protokol kesehatan selalu jaga kebugaran
911,rekan guruku pernah bilang semua anakku ngga pernah ikut suntik vaksin apa vaksin malah cuma buat anak jadi lemah bilang gitu pas lg sosialisasi vaksin puskesmas malu
912,kamu jauh realita generasi lahir an bawah banyak kaki tangannya tumbuh sempurna virus polio setelahnya berkurang vaksin sekarang mendampingi penyandang disabilitas akibat polio jadi tahu bagaimana akibat ketiadaan vaksin
913,aku wedi vaksin emang wedi suntik blok ra mergo teori konspirasi
914,yak abis vaksin kasus tambah naik
915,kementerian atrbpn siap vaksin
916,alhamdulillah bukan kitten ku nakal anjir sekarang wes sehat kurang vaksin tok alhamdulillah
917,ngopo yik sahabatmu vaksin sek
918,sengaja sbnrnya abas tahu gak msk kriteria terima vaksin kan emang kmrn dah terpapar covid mau pencitraan diri biar trlht berani
919,vaksin langsung nongkrong berikut tanggapan ucok baba terkait raffi ahmad
920,kamu dpt jatah vaksin gratis ga
921,perasaan vaksin emg suka kumpul rame sher
922,vaksin opo
923,rame vaksin lah aku mah cuman sibuk kerja sepedaan ama ngegame dasar aku
924,info vaksin seng model obat gerusan
925,menolak vaksin yahudi
926,bangga vaksin bangga jadi anak pki yh bund
927,nyuntik vaksin pak jokowi
928,se enggaknya raffi ahmad vaksin ibu se indonesia mau vaksin
929,mau vaksin monggo mau nolak monggo segala resiko mu mau servis leptop jasa live streaming bikin lanyart apa bikin jersey bola volly game apa monggo langsung dm aja
930,yg nolak vaksin sinovac kayak punya duit aja beli merk vaksin wqwq
931,gw mau dong vaksin
932,mencapai tujuan indonesia bebas covid perlu masyarakat yg vaksin membentuk kekebalan komunitas melihat efektivitas vaksin tersebut
933,yaiyalah nolak la wong vaksin sinovac umur tahun mah dah tahun keatas wkwk
934,kalo vaksin yg gratis ngpa swab ngga yg gratis kan lebih mencegah dri mengobati
935,nonton live streaming pak presiden suntik vaksin aku malah deg degan sampe nangis gak tau
936,tp katanya who mensyaratkan efikasi minimal vaksin cm angka
937,pak bapak disuntik vaksin hari jam brpa pak
938,mana mana vaksin vaksin vaksin baca dengarnya kok duh bukan gimana gimananya masalahnya aku takut disuntik
939,kira kira kamu mau vaksin
940,trending vaksin kira kira mau enggak divaksin sinovac
941,woopps pake vaksin sinofuck nya dong
942,uji klinis dibandung selese bpom resmi menertbitkan izin edar vaksin sinovac semoga awal baik masa depan lebih baik
943,yaa kalo uda vaksin kasian irongmu disogrok
944,tanya drh nya aja lgsg aja nder drh nya yg mutusin vaksin apa diobatin dulu
945,pendukung jokowi harusnya siap lebih vaksin sbg bentuk kepercayaan nya thd jkw
946,portal news makin kacau nalar aneh aja logikanya korelasinya dmn antar vaksin dgn alat kelamin
947,msntab pengen suntik vaksin guee
948,puluhan ribu vaksin covid tiba semarang jawa tengah vaksin tersebut menunggu didistribusikan surakarta
949,solo udah vaksin freen bismillah w coba kenyot dulu
950,disitu udah vaksin
951,bisnis surat keterangan pernah vaksin incoming
952,yok ndang vaksin yok ben iso ndelok konser e behind the scene ng kroya
953,happy new normal year nderek dedungo mugi gusti allah swt kerso ngangkat covid saking bumi kanthi wasilah vaksin saha ikhtiar ingkang sampurno mugi gusti allah swt paring kgm bpk ibu nikmat sehat klg sejahtera putra i sholeh hah manfangat fii diin waddunya wal akhiroh
954,tahun baru jualan nanas muda vaksin covid lebih untung mana
955,jadi vaksin gratis kaga sih
956,hongaria slovekia italia langsung lakukan vaksin beberapa jam vaksin tiba endonesa tetep euforia kedatangan vaksin sejak desember lha njuk piye ngene ki
957,ngeri kalo pakek vaksin
958,bukankah sinofak ri nantinya jg beredar vaksin merk lainnya beli bayar sendiri tentunya mandiri tdk yg subsidi keberatankah gajiku umr budhe ku yg usianya diatas thn ku usahakan mandiri dg tenang damai
959,bu ibu klo nganter vaksin cuma bawa tas fesyun ibunya aja heran aku kok ga
960,skrg tiap mau vaksin nyiapin sgla mcem kek bawa lemari sampe gelas termos buat ngangetin asip dibawa pengalaman g bawa apa eh asipnya abis nyari laktasi jauh bgt trus muntah pas vaksin e ga bawa ganti baju rempong ses
961,nah shanghai aja menolak vaksin buatan cina koq indonesia malah beli
962,konyol klo gitu rakyat bersatu menolak vaksin yg jelas
963,klo vaksin gak ragu udah fatwa halal semoga indonesia ganti yg
964,pemerintah berupaya menyediakan vaksin covid seluruh masyarakat cuma cuma vaksin kaitannya keanggotaan bpjs pemerintah menunggu tahapan ilmiah bpom lalu segera menyelenggarakan vaksinasi massal
965,disuntik vaksin covid malah jadi titan giman v
966,mau vaksin kan artinya ngabisin stok pcr swab rapid biar ga rugi
967,jujur sy gak percaya klo jokowi bener disuntik vaksin cina
968,kalau wajib brti sanksi bila tdk mau melakukan vaksin gmn dok soalnya byk org yg anti vaksin
969,adela is an admin now udah slese vaksin disuru jd panitia
970,maemnya dryfood sama wetfood aja kak yg jelas steril vaksin obat cacing rutin faktor penting dlm proses glow up nya majikan
971,langsung cek buku vaksin
972,beritain vaksin dateng sekarang biar nga takut buat dateng tps besok guys
973,wadidaw kimia farma bang efek uym sama vaksin keknya
974,kaya mesen antrian buat beli vaksin teruji klinis miskin persiapan mesen kain kafan jaga jaga kalau tiba tiba kritis negara tutup mata ga perlu ngrepotin negara
975,aku cinta vaksin
976,vaksin langsung diditribusi dipake buat butuh kasus turun drastis hidup normal mantab
977,yakin nih vaksin nya udah aman kasian nakes kalo dijadikan percobaan
978,selamat datang vaksin njenengan aja divaksin ndak usah
979,rutin obat cacing vaksin kok mas
980,alhamdulillah akhirnya vaksin covid gratis dijepang
981,uu lebih efektif vaksin
982,semoga situasi segera normal rencana pemerintah memberikan vaksin covid waktu dekat terealisasi tahun depan menjadi tahun kebangkitan khususnya dunia pariwiata perhotelan harap grace cc
983,vaksin covid terbukti investor kemudian mengambil uang merekeka gold market maupun forex menunggu vaksin keluarkan edar makanya harga emas turun
984,wuhan selesai vaksin indonesia ngotot btw emang indonesia udah neliti virus sendiri ngikut who
985,sinovac kan wkwkwk vaksin awal tahun mimpi belaka
986,divaksin minim berat gr tp vaksin dikasih obat cacing minggu sebelumnya biar ps vaksin sehat
987,rencananya bansos tahun depan semasif tahun fokus pemerintah sesuai instruksi presiden joko widodo pemulihan kegiatan ekonomi amp bagaimana mengadakan vaksin katanya cc
988,propenyor harga vaksin ditentukan demand and suply gak baca fakta
989,vaksin ampuh hempas corona for order dm
990,konspirasi vaksin laku
991,ka klo vaksin d puskeswan solo brapa
992,buat vaksin kak
993,ka maaf jbjb kalo vaksin d puskeswan solo brapa
994,klo vaksin berapaan ka d puskeswan
995,abis vaksin lemes mlungker terus nih anabul
996,halo kak maaf mau tanya antri onlinenya lewat mana sama mau tanya kisaran harga vaksin kitten mandinya
997,nangis setengah hari grgr vaksin tt pas pms ngeringik ngeringik kayak keponakan umur bln habis diimunisasi bgt
998,vaksin china diandalkan
999,emang dibikin kan biar vaksin isa laku
1000,nganterik kucing dokter buat vaksin scabies semoga sembuh dehh
1001,banyak banget orang anti vaksin al indo
1002,akhirnya beratmu udah sampe kg vaksin
1003,otaknya bosok tega jual vaksin palsu tega mencelakakan anak anak duit
1004,badan intelejen bikin vaksin covid polisi minta dana buat pulihkan ekonomi negara main ngapain sih
1005,si sayang udah vaksin
1006,mungkin pd saatnya semua terpapar nakes tenaga kesehatan sangat wajar tiap hari berjibaku pasien sekarang mau menghindar cara apa disiplin dgn protokol kesehatan
1007,vaksin corona dah ditemukan tp kok ga trending
1008,valid berdoa sama sama semoga vaksin virus segera ketemu semua segera normal
1009,sebenarnya berani beli baju dress busui all size bener bener gk pd pake baju potongan karna perut membuncit tp aku gk tahan beli rok siapa tau kepake pas vaksin baby w dasar aku
1010,suntik vaksin covid
1011,semoga punya vaksin sendiri bukan luar
1012,presiden jokowi produksi vaksin corona sendiri impor target akhir tahun berita kompas tv juni wib
1013,well virus belom kelar ga tau kelar kapan kalo belom vaksin anti virus obat jadi yok gpp mau keluar sih seriusan gpp jaga jarak bnyk yg suka lupa jaga jarak ga pake masker soalnya
1014,mengandung vaksin microcip g pengendali umat manusia
1015,the new normal sepertinya dunia termasuk pemerintah indonesia sedangan mempersiapkan skenario the new normal berdamai covid menyadari proses penemuan vaksin varian corona jenis
1016,vaksin ae durung enek pasien e wes enek sing wkwkw emg sakjosse
1017,kalau udh vaksin ngapain lockdown ae cengkeh nastar
1018,ngerti aku rung nyinggung tekan vaksin bidang medis sing tak maksud bahaya covid neng awakmu karo pekerja medis sing kualahan ngurusi pasien nek babagan vaksin mbok akuo yo emoh disuntik vaksin sing ra jelas
1019,aku rung nyinggung neng vaksin aku mung ngemasalahke opini publik sing menggangap corona ki ora berbahaya terutama bidang medis
1020,reposted from satu konten edukatif nan inspiratif bersama arnold meka sang pakar terapi pikiran dengarkan bawah sadar tema vaksin mental
1021,tadi poli khusus anak sehat vaksin kirain takut ehh kok malah ketawa ketawa liat yaa apa aneh klinik kasih ibu sehati
1022,cek fakta eks menkes siti fadilah supari sarankan ri pakai vaksin covid bill gates
1023,namanya pak polisi mengetahui prosedor penanganan covid mungkin cateringnya ditambah vaksin amp sovenirnya masker sama antis good job pak doakan sini semoga sakinah mawadah warohmah aamiin
1024,konsep ditawarkan lebih mirip seleksi alam herd community harusnya menggunakan vaksin kelompok orang sehat dicapai kekebalan komunitas orang dibiarkan sakit menularkan mencapai kekebalan komunitas memandang
1025,kl menurutku bahkan ditemukan vaksin tetep butuh beberapa waktu buat bener pulih kudu sabar kaya aku sabar nunggu notif kamu raketang seminggu mung pisan seng dinotis
1026,suntik vaksin ae
1027,vaksin e ndang ditokne mbah selak diwales dukhon sak piturute malah kojor tenan
1028,vaksin covid berita benar
1029,aku inget film the flu vaksin menangkal virus tersebut tubuh seseorang sembuh virus tersebut
1030,baiknya vaksin flu yg dosisnya rendah disuntikan balita sedikit membantu mencegah epidemic semacam keyakinanku epidemic yg lebih ganas covid dikemudian hari
1031,mbayangke china produksi massal vaksin covid temuannya terus disedekahke negara negara seluruh dunia termasuk amerika mesti paklik jin ping langsung dinobatke dadi wali dihujat iblis merusak peta sindikat farmasi sedunia
1032,somad said vaksin tapir produk qaram then somad dead sad ending
1033,vaksin pake kopi
1034,mahal minta vaksin kw aja
1035,aku mau pulanggg gamau vaksin moewardi
1036,aja si nder tp amannya vaksin dlu soalnya pas steril kan sakit takut imunnya down rawan terkena virus terlebih musim calici panleu
1037,welcome march semoga virus corona segera menemukan vaksin nya
1038,iya katanya dikasih obat cacing dulu baru suntik vaksin
1039,titik terang pencarian vaksin virus corona
