username,tweet
AlbertSolo2,direktur jenderal badan kesehatan dunia who menyatakan dunia mengalami kekurangan peralatan kesehatan terutama negara miskin paling miskin dunia peralatan medis mengalami kekurangan pasokan masker vaksin obat obatan
dr_ardi,semua negara dunia menyerukan pentingnya imunisasi bahkan semua agama sama jangan pertaruhkan anak
Faiza_Abdullah7,kirain tak ngefek vaksin pertama baik saudara pd vaksin ane malah terakhir vaksin mo pergi jakarta
Faiza_Abdullah7,sebelumnya dikira demam berdarah bintik paha senin vaksin sabtu muncul bintik cek darah trombosit baik rabu balik dokter tambah banyak telapak kaki perih sakit buat jalan cek darah trombosit baik dirujuk dokter penyakit terus dokter kulit
Faiza_Abdullah7,gejala timbul hari vaksin gak langsung
soloposdotcom,rail clinic stasiun delanggu klaten vaksin hingga bagikan sembako
SoloMenfess,soll info vaksin boster dong makasih
UNSfess_,fess guyss info vaksin booster uns dong butuh banget buat segeraa makasii
dr_ardi,hasil studi sebut faringitis jadi gejala utama covid vaksin
soloposdotcom,tiap orang kan daya tahan tubuh imun vaksin pertama kedua beda merk kata dokter gitu
Faiza_Abdullah7,hmm yg dimasalahin disini bkn gk bs explore hobi tp perempuan ideal gk si berpenghasilan bekerja jadi i asisten loh kerjanya jam buat ibu yg biasa kerja lalu tb jd isgt mungkin jd burn out yg hadepin cm sebidang kotak rumah amp org nya
Yayaya_92,memang benar lowongan pekerjaan banyak mencantumkan vaksin syarat karyawannya punya pemikiran analisa baik logis
_afaz,lha siapa tahu kalau jadi kipi kalau tahu sakit pastinya gak vaksin
Faiza_Abdullah7,lha kalau tak vaksin tak naik kereta api pesawat padahal acara nikahan jakarta kemarennya tetangga boster tak naik kereta terpaksa vaksin ane piye jal
Faiza_Abdullah7,ipar kk divaksin x kena covid masuk icu beberapa hari lha ane vaksin malah sakit vaskulistis pembekaan pembuluh darah mpe hampir bulan
Faiza_Abdullah7,sini pcv aja kurang laku tun pdhal kota kabupaten wkwk aku pengen daftarin anakku buat pcv krna ga masuk sasaran usia eh yg masuk sasaran malah banyak yg ga mau pda takut sama vaksin baru
desymil,benar vaksin kali puasa dnah senen kamis insya allah tubuh jiwa terjaga amin
SetyasihMurwani,guys klo mau vaksin booster solo fess
UNSfess_,kereen semuanya
Yayaya_92,stadion piala dunia u steril dipakai alah telek
Usman_J20,railmin syarat kereta solo sby skrg apa vaksin thx
JoshuaArdi,sate buntel kwi
Usman_J20,banyak warga sragen tolak vaksin booster migran care bantu edukasi
soloposdotcom,indonesia
Usman_J20,butut
Usman_J20,modaro leeee
Usman_J20,gw ga vaksin mungkin abis lahir disuntik pake coca cola
Andree_Anggono,membutuhkan vaksin booster silakan merapat loji gandrung sebelumnya berada ngarsopuro diadakan minggu selama stok tersedia gratis seluruh warga indonesia menunjukkan ktp
cfdsolo_,aku lebih setuju wanita berpenghasilan sedapatnya tp tetap dirumah contoh content creator reseller barang pekerjaan sifatnya project based amp bs wfh cth translator buku majalah artikel gimanapun kayaknya otak perlu drill ilmu yg udh gak menguap
Yayaya_92,kementerian kesehatan memberikan vaksin covid dosis keempat tenaga kesehatan
AlbertSolo2,mending polio suntil vaksin babi kata ibunya
issyyyllll,kan pabrik vaksin kopid biofarma baru mau dibangun kalo kopid hilang gak laku vaksin nya
mbah_binong,huft vaksin x booster x pernah jd alumni covid tp ga jamin kekebalan tubuhku ditakdirin fokus proposal emg
dr_ardi,fess nyuwun info vaksin ktp bebas dong
ezzaselisa,updatenya bgmn
UNSfess_,ku pernah ikut ambulance ngisi bensin waktu ambil vaksin
Yayaya_92,pas kkn banyak nemuin keluarga yg anti bu bidan desa vaksin an biasanya katanya agamannya gak
dik_ayn,terpantau jalan adi sucipto arah colomadu stadion manahan macet teratur jalan selamat sukses
citaana17,pacarku mirip kamu
Yayaya_92,emng iy gek lg vaksin pertama neh
Usman_J20,klo mau naik kereta api solo malang misalnya syaratnya pakai vaksin boster dulu sih
Sahaaing666_,lhoh hasile wareg prasmanan
abasyoibnu,aku yo seh seneng nganggo klambi tulisane pasoepati ngeneki gur ngenteni wayahe wae
Usman_J20,info tempat vaksin lurr
Usman_J20,telat hudang jadi we teu kabagian vaksin booster
SoloMenfess,solo square peduli vaksin pelayanan suntik vaksin sabtu november wib solo square lower ground sebelah hypermart ayo vaksin solo square
dr_ardi,berburu vaksin booster
apoykira,jemaah umrah tak wajib vaksin meningitis resmi loh
SOLO_SQUARE,fess info vaksin booster kampus dong guys kalau sekalian share jadwalnya yaa maaciiww
apoykira,warga sragen enggan ikut vaksin cakupan vaksinasi booster
Joglosemarnews,kemenkes tak wajibkan jemaah umrah vaksin meningitis
UNSfess_,iki mas serem ali mabkhout
soloposdotcom,fess yg mau vaksin booster buruan ngoresan skrg ga antri trims
soloposdotcom,perhatian bupati sragen minta warga segera vaksin booster covid naik
Usman_J20,kemenkes ri menyesuaikan kebijakan arab saudi umroh wajib vaksin meningitis sedang haji wajib vaksin meningitis
UNSfess_,urung vaksin kok ws mumet wae ki hadeeh
Joglosemarnews,sayangi nyawamu nder ganti sayaang bahaya soalnya
arifbudisatria,hari vaksin lagii
luuvyoouu,lurr info vaksin kucing seng regone murah dong matur suwun
Yayaya_92,elkan baggot opsi marcelino ferdinan
jinxproabe,ben iso ngene mas
SoloMenfess,lebarnya layaknya landasan udara soekarno hatta
Usman_J20,fess info vaksin guys
Usman_J20,gara gara kena petir beberapa kali ngeground indihome mati ganti lan
Usman_J20,sebelahnya tora sudiro jerinx sid ngapain
UNSfess_,aku open jasa joki nembak vaksin yaa masuk pedulilindungi permanen cepat aman desta first love
dr_ardi,info vaksin dosis area solo dong
Usman_J20,kemarin aja pak kok baru vaksin sekarang ngga mana trus kok mau vaksin mau berangkat thailand acara apa pak golek banci
Usman_J20,guys mau tanya kan vaksin sinovac trus vaksin yg kedua bukan sinovac pfizer gak sih
racunnxshopee,pasal vaksin pernah salah
mmmzsky,aku vaksin gimana dunk
HaveFunSaddam,alhamndulilah cuma vaksin kali makan sehat segar sayuran hidup senantiyada iklas cari teman yg jujur berpeluang hidayah langit sap via melody porsi aman didunia scherst insya allah amin
pik_gum,stasiun balapan melayani vaksin booster
haripape,ditemukan vaksin cacar pd vaksinasi global dikebut dr penyakit cacar akhirnya dimusnahkan gada lg pandemi endemi cacar jg merupakan pandemi pertama yg berhasil dimusnahkan sih sampel virus yg disimpen tp cm bwt riset
anwarmustafa,sekilas info tambahan ilmu taun hernan cortez tiba meksiko bawa org prajurit budak populasi meksiko jt thn populasi suku aztec tgl jt kurang dr th cacarnya cortez membasmi penduduk aztec jmn dlu blm vaksin cacar
SetyasihMurwani,cek ig aja nder sering info vaksin booster
ujprstyo,habis vaksin lagu vaksin lagii
anti_tesis,kini hadir vaksin booster peningkatan imun serangan virus silahkan hubungi mbak mendapatkan kartu kci kartu cidronesia sabar akses layanan vaksin version free payung
anti_tesis,dr nomer ktp jadi pas cetak tiketnya udah tulisannya km udah vaksin berapa kali gt kalo booster g chek in stasiun
aurimaaa,persyaratan naik kereta api sekarang vaksin booster dulu min
NataDeny,sakne banget iki wis kadung mbas tiket sepur lah kok wajib vaksin booster tolak dong tiketnya maneh gak iso refund tiketnya awak lek
komporologi,kak syarat naik krl jogja solo pp apa vaksin booster
damarr00,idem vaksin hidayah allah baik jahat jujur bohong iklas pamrih siang malam benar salah udara tlah mencatat duper valid allah langsung jg mengatur
alwaysnext2u_,bp mentri ra vaksin boster
bogeloni,kalo dosis pake bukti vaksin
pepe12666088,mas masalah nihh temenku baru vaksin pertama masuk konser ga kak
MurwaniSetyasih,mas kalo baru vaksin dosis pertama nonton konser mas kun ndak mas besok september soloo temenku baru dosis pertama
bagusdwwi,ketinggalan jadwal booster mulu eh kok pas ngemall tiba tiba booth vaksin
pangs1trebus,solo square peduli vaksin yuk loyal customer solo square melakukan vaksinasi segera solo square lantai depan cinema xxi solo square solo square
ikanbakarbusum,kmu vaksin
ikanbakarbusum,siap vaksin
pvtrih,nnyicil sek vaksin pertama
SOLO_SQUARE,yuk sekrang wajib vaksin mau perjalana kereta
yudha_hen007,gajadi vaksin lah mager wkwk
yudha_hen007,minim vaksin booster keknya
ilhamAlkathiri_,info vaksin pantau akun ig puskesmas se kab klaten
abduhzulfikar,mbuh lah wes rasido vaksin
himaismee,mjb enggak kok minimal vaksin
bimaprabowo19,betul kan jadi kasian yg vaksin berkali kali
kabarklaten,minimal vaksin
himaismee,bulan jadi vaksin
armybws_,ngemeng epeh vaksin sana dulu
Zetyo_pambudi7,vsksin ketiga berarti sehari doangkan pegelnya kalau aku udah vaksin kebera a lupa sih aku tuh
Bintangprd,nyales vaksin untung berapa pak
dontbesyai,penataran malang blitar k kahuripan blitar lempuyangan k transit blitar jam an vaksin gausah antigen
irfan_nuruddin,mau aja dikadalin tukang jual vaksin
Zetyo_pambudi7,solo square peduli vaksin pelayanan vaksinasi covid sabtu minggu juni wib solo square solo square
atobajahat,aku abis vaksin booster
rxzkammr_,program vaksinasi booster dosis ketiga bekerja sama menggunakan jenis vaksin astrazaneca dibuka kuota hari pertama sebanyak dosis hari kedua dosis hari ketiga dosis
alexandreanov,pecinta sepak bola solo ayo ikuti booster suporter mei pukul wib persis store amp cafe syarat berusia gt tahun vaksin dosis ii gt bulan lalu ber ktp domisili solo raya melakukan registration walk in persis store
SOLO_SQUARE,melawan mei stadion gelora bung tomo surabaya kick off wib jadi ajang pemanasan liga bergengsi amp dinantikan pecinta sepak bola penonton langsung nonton tribun dgn syarat vaksin booster
SOLO_SQUARE,pengen jane ngepasi minggu barang aku rung minat vaksin pdhl seko official persissolo yo ngadakne vaksin sblum away rono wkwkwkw
SOLO_SQUARE,males vaksin e po hahahah
varvaraaway,anggota dpr ri mengapresiasi inovasi kapolresta solo memodernisasi peralatan kamera hingga layanan vaksin
gibran_tweet,monggo seng ajeng vaksin boster depan hotel amarelo singosaren dr jam siang
gibran_tweet,vaksin pertama njut vaksin boster ra bos kevin
gibran_tweet,inpo vaksin boster magetan vaksin buat kesehatan vaksin gawe nonton persis
Andy_vvb,pengen away rono meneh jek males vaksin booster wkekekke
Andy_vvb,solo square peduli vaksin ayo lengkapi dosis vaksin solo square
gusdjar1,ayo lengkapi dosis vaksin wib lower ground samping hypermart solo square
JalurMerah_1923,lah kok gituu kalo km puasa trus vaksin efek nya lohh khan kalo vaksin makan yg byk trus stl vaksin hrs makan biar gak efek drop nya
AlgaArdi,berati km gak puasa dong kalo vaksin
AlgaArdi,program sejuta vaksin bersama pc nu kota surakarta kementerian agama hari kamis sabtu tanggal april vaksinasi siang wib wib vaksinasi malam wib wib klinik bhayangkara jl slamet riyadi no surakarta
Andy_vvb,mana ni vaksin mahal banget ampe jeti lu bayangin deh kalo gegara ni vaksin angka kematian indonesia gegara kanker serviks menurun drastis ape idup lo kagak tentram hah heran ayolah jangan jd orang terbelakang sih
SOLO_SQUARE,kanker serviks tu jd momok menakutkan gue aja takut gue yakin temen perempuan gue jg nya lu pade ngomong vaksin vaksin yodah kalo gak mau tu diem aje gausah koar sok tau
SOLO_SQUARE,rang orang sih heran kalo lu gamau vaksin yaude sono tp kalo ampe mitamit keluarga lu kena kanker serviks yg biaya nya aja muahal nya minta ampun jangan pernah coba ngeluh lu ye dikasih enak kagak bersyukur lo
SOLO_SQUARE,kebijakan bagus gini julid vaksin harganya mahal sangat berguna buat perempuan dikasih gratis malah julid
adit_chan,sebwa testimony pasca vaksin sewurongatus tudey
adit_chan,kelar bp ikutan vaksin sungguh bro brutal banget yg vaksin bahkan dokter disana udh aja antrian sekebon
polsek_serengan,whoa hari sungguh nganu isip ditarik vaksin jadilah tandem sama ku kia pagi lumayan banya sampe pasien lanjut shift bp siang
mikoweldit,nunggu vaksin bayari bst puasa mau ngamokk tp kudu syahhbar
mikoweldit,vaksin tiga kok tangan kiri ku bengkak si
mikoweldit,rencana mudik ayo manfaatkan gerai percepatan vaksin polresta surakarta selama bulan ramadhan klinik bhayangkara jl slamet riyadi no surakarta hari siang jam wib senin sabtu malam jam wib senin jum at
riskais,lebih aman nyaman ayo vaksin mudik lebaran berikut lokasi beserta jadwal vaksinasi semua puskesmas rs bung karno rs ibu fatmawati soekarno klinik pmi senin sabtu pukul wib
kikiflurane,halo vaksin dosis pastikan vaksin booster mudik source
kikiflurane,solo square peduli vaksin ayo lengkapi vaksin april lower ground sebelah hypermart solo square solo square
kikiflurane,linu kabeh bar vaksin az yaalah ra poso sik
SOLO_SQUARE,mau mudik aman selamat nyaman sehat vaksin booster solusinya
SOLO_SQUARE,vaksin sek mas e karo sepik
issnaamj,pemkot solo memberi syarat warga yg minyak murah vaksin lengkap ditambah booster warga yg booster waktu bersamaan pendapi balaikota jg dilaksanakan vaksinasi booster massal warga memanfaatkan fasilitas layanan tsb
kinankugy_,bukan vaksin terapi beliau tawarkan melalui uji klinis benar vaksin sebenarnya ranah bpom idi fokus aspek etiknya beliau anggota idi
polsek_serengan,mengding vaksin apa ga ush
gibran_tweet,alumni vaksin moderna berakhir masa berburuku mencari booster jumat yg asyik memulai puasa yg gatau mulainya besok lusa
kantahkabsragen,percepatan vaksin polresta surakarta klinik bhayangkara jl slamet riyadi no surakarta hari selasa jum at tgl maret april jam wib syarat booster vaksin minimal bulan atas membawa fc ktp ktp nkri
SOLO_SQUARE,vaksin cukup x wae
bagusdwwi,foto dulu sama mau pindah perth australia kalau pulang indonesia jangan lupa mampir vaksin yaa klinik kasih ibu sehati
polsek_serengan,aku blm vaksin boster tetiba deb topup dateng ngelengkapi berkas akta meningoy istrinya kata istrinya meninggal tiba sehat aja tp kemudian vaksin terus meningoy aku apalah yg blm vaksin boster telen ludah
alfin__________,yg uda vaksin booster gk fren
gibran_tweet,padahal vaksin amp ngga sakit booster bekas suntiknya sakit mana kata orang kantor entar malem bakal makin nyeri sama demam
arifbudisatria,subuh subuh baru terasa efek vaksin
urbigwinctx_,jng lupa makan dulu sebelom vaksin
nadewia_,semangat vaksin
polsek_serengan,baru tau pcr thailand mahal banget sampe juta vaksin disana bayar malah beli shopee
Andy_vvb,lho aq minggu wingi vaksin booster nang kono
dr_ardi,izin bertanya min tetap antigen stasiun meskipun sdh vaksin kali krn kantor tetap mensyaratkan antigen utk perjalanan dinas
gutknecth94,disaat vaksin dosis kedua ketiga hari baru yg pertama
salmaraaaa,paling presiden nyuruh vaksin biar imunnya kuat
galoncleo_,tontonan buat aku kemrungsung gk tenang smakin keras dlm celana ku keras otot nya trpegang bergoyang aman tuk pegang gk perlu vaksin syg buka an gitu pmerin aku aku nahan syg maaf dlm celana nakal tangkap lah syg pingin soneta
danang22wazza,durung vaksin i
adit_chan,mutual yg vaksin booster nya pfizer ngga efeknya apa sama apa yg dilakuin buat ngontrol efeknya
adit_chan,bos aku durung pernah vaksin kok coronane wes ilangi ki pie
mahestyap,ha ha ha stock vaksin sama pcr menumpuk jiwa oligarki klo jadi pejabat kek begini rakyat jadi korban
iyoes_23,lengan kiri pegal habis vaksin booster badan capek habis kerja hujan deras ditambah mati listrik lengkap buat istirahat
abuzinad,ibu ngefek ning eh ngefek ding luaper banget efeknya makan terus sama pakai az surat vaksin meski pedulilindungi langsung muncul
cakkadull,vaksin kucing berjilid jilid
Agus62716997,nih yg pengen vaksin booster
AwangIrama,kabar gembira sekarang perjalanan domestik resmi antigen pcr selama dosis vaksin dilakukan
rfxxiiy_,airasia domestik udah announce ga perlu test covid kalo udah vaksin x yuk kai yuk
babykyutii,info donk adakah faskes sediakan vaksin booster pfizer moderna solo
KwuntoAjik,vaksin booster astra otopat
suwito_abdullah,info vaksin booster solo dong guys
deni_anggriawan,info vaksin ketiga disolo mana
Dreamy091_,liriknya sangat mewakili jeritan hati maju sini lo johnny suh w udah vaksin kali
fuadjamil,nek aq genah astra boy vaksin pertama kedua az kerjo yo nang lini usahane astra
oxytyra_mine,jam vaksin ketiga terasa efeknya
BabunyaObi,booster vaksin kali udah dikasih paracetamol kali badan gak enak vaksin kemarin msh aman gara tanggal merah gak digunain buat kelayapan
ardisetiawan_w,ayo belanja vaksin booster pasar klewer minggu februari
iyoes_23,ayo manfaatkan hari libur vaksin booster gelora bung karno minggu senin februari
Danarrafa,meninjau vaksinasi booster pasar klewer pelaksana polresta solo melakukan jemput bola pasar pasar kota solo berlangsung sejak rabu pelaksanaan vaksin dilaksanakan pasar klewer beteng trade center pusat grosir solo
terracotta___,pelaksanaan solo square peduli vaksin percepatan vaksinasi dosis lanjutan booster astra zeneca solo square solo square
rifreshtea,klo gk ngadain vaksin gk byutiful
jjhjs9795,habis vaksin booster
iyoes_23,satu kerjaan habis vaksin booster malah teler semua grup bada bilang gak kerja dulu karna sakit izin istirahat padahal aku vaksin ikutan izin maaf ye pak
agri_satrio,attention tempat terbatas htm available pre sale amp on the spot pre sale close h panitia amp pihak venue menerapkan standar prokes min vaksin x dilarang membawa makanan minuman luar cp
ayyyy1696,lha dr dinas suruh vaksin
polsek_serengan,uwess tp rung vaksin booster
polsek_serengan,obi ikutan vaksin
gibran_tweet,habis vaksin booster hawa dingin
SOLO_SQUARE,cuma demam bentar paracetamol cepat bertindak efek vaksin booster
candyycrushh_,vaksin gaes sehat terus aman gak kena virus corona amin
EvitNona,hihihihi lucu anet adek vaksin
kinankugy_,buat aku jangan ikutan tumbang yookk bisaa menuju vaksin booster
BIGREDS_SOLO,vaksin sesungguhnya
EvitNona,nambah gas kalo liat orang nyebrang jalan satu kebiasaan kaum bengek jamet lokal yg gua dapet pagi vaksin hobi nyelak kagak paham jalur antri katrok memang
EvitNona,efek vaksin gini yak
BabunyaObi,siap dah vaksin booster belom
sleepysnoopyme,finally vaksin booster excited pol gaktau hahaha aman aja gais efek vaksin aku emang cuma ngantuk sama laper wkwkwk
gbrmorrisadrian,mas rey udah vaksin apa belom
adit_chan,trus ngapain kemaren ngebet vaksin
sleepysnoopyme,edan njarem kabeh awakku bar vaksin
gbrmorrisadrian,mau vaksin malah gabisa tidur bhaikk
dhamarsaktiii,sebuah keuntungan kerja rumah sakit sehat mak bapak gausah repot cari vaksin booster antri kesana kemari
matipuntakmau,hukuman tertinggi orang menolak vaksin cara divaksin
SuhailHandis,jangan dihukum penjara terlalu enak kasih aja suntik vaksin langsung kali dirapel
mafanisakti,suntik vaksin x wae positif mbok suntik imf wae lur
vinnddd,memenuhi panggilan vaksin booster
adit_chan,semalem demam meriang pusing efek vaksin
finger_attakc,segera vaksin pelayanan kesehatan terdekat
Adrianus_RP,habis vaksin bayik sehat sehat lee rs pku muhammadiyah surakarta in surakarta jawa tengah
Ravimpe,aku ma fotoin tiket vaksin mama flash on
DestyAOG,teman kantor positif si omekron sialan udah vaksin x kena gejala demam sakit tenggorokan pusing lemas tetap jaga prokes jaga kesehatan wfh wfo
dontbesyai,suntik vaksin apa diremes preman
dontbesyai,efek dri vaksin booster apaan yakk spill dong yg tau
kulinerduludek,dikeki obat soko nggon vaksin mental sidane prikso nggone lenggananku klinik cedhak unisri hadeh yas yas saiki kok ruwet men koe ndi sing disik kuat tahan banting
anangNP,ayo vaksin cegah varian baru omicron cegah penyebaran omicron
electricmiaw,vaksin kedua agustus jadi mungkin februari
polsek_serengan,siap vaksin dosis
khususiafi,vaksin tuh kek wc umum gratis
myname_ap,cuma krl aja si kak yg penting udh vaksin aja wkwk
yhanesvin,grgr anti vaksin seeh
dontbesyai,aku tak nunggu info streaming wae mbok menewo enek xixiixi males nek kon swab wong wes vaksin x barang og
Ska80216,dinas kesehatan kota solo memastikan semua siswa siswi sd negeri maupun swasta solo mendapatkan vaksin stock vaksin aman tinggal menunggu jadwal
jenengkutyas_,yuk vaksin sakit mending mencegah kan jalan jalan kota solo jangan lupa mampir utk vaksin tipoid yaa klinik kasih ibu sehati
polsek_serengan,mengawasi mendeteksi pergerakan orang orang terpapar covid selama hari belakang mengunduh sertifikat vaksin sekarang benar benar dibutuhkan syarat bepergian transportasi umum
dontbesyai,makasie yu jum terima raportnya hari rabu skalian vaksin katanya
WWawanto,akhirnya kyrie punya alasan buat ga vaksin wkwk
hmdnrrfnaauia,dr suzy memaparkan orang menerima vaksin influenza qiv quadrivalent influenza vaccine tiv trivalent influenza vaccine memiliki kekebalan daya tahan tubuh lebih baik orang menerima vaksin influenza
nopiwidia___,menghadiri pelepasan suporter persis solo berangkat sebanyak bus orang terdiri pasoepati ultras surakartans keberangkatan menerapkan prokes suporter wajib vaksin dosis swab antigen
kiisukeurahaha,bukan ga aja kok vaksin pasca hs tp biasanya vaksin hpv dilakuin tes pap smear utk yg seksual aktif kalo blm hs usg perut aja
Andy_vvb,baiknya sih mengusahakan vaksin hpv soalnya kalo sdh vaksin hpv yg pertama jarak bulan gaboleh hamil gt coba dikonsultasikan dg obsgyn terpercaya
gibran_tweet,sepurane ndanku seng kleru ki asline pssi operator liga uji coba suporter ki minimal kapasitas stadion bukan orang tok gek syarat e njlimet wes vaksin x jek kon swab edyan asline pengelolaan ligane dewe ki
dr_ardi,uis vaksin aman
gibran_tweet,untung partner jaga vaksin hari enak bgt hahahahahhaa
kerupukbongko,tahun diharapkan semua masyarakat indonesia sdh vaksin sdh siap menerima wisatawan luar negeri investor dr luar negeri krn dgn datangnya investor diharapkan dpt menyerap tenaga kerja tenaga ahli dgn ekonomi naik
AsdamKrismon,semoga betul varian omicron masuk indonesia yuk berhati hati ketatkan prokes dukung vaksinasi info varian kebal vaksin t
rupbasanska,mahfud md kabupaten batik cakupan vaksin covid terendah se jatim terakhir gue diejek sama temen kantor
gibran_tweet,kak cik eye brandnya bali framenya dibuat kayu skateboard bekas liat ignya kak
rizkyartirhrj,kali vaksin ampuun tensinya tinggi teross kurangi begadang kurangi garam perbanyak air putih perbanyak olahraga perbanyak makan melon bismillah
rizkyartirhrj,vaksin booster moderna lumayan jg efek kipinya
candrapasoepati,judulnya yg brengsek tp isinya wajar org yg sdh vaksin taat prokes sedang yg unvaxed tdk taat prokes
ajikxs,vaksin x kartu vaksin sari puskesmas setempat mau unduh sertipikat vaksin keterangan jenis vaksin temukan solusinya bagaimana
kikiflurane,sekarang ayah jg gamau vakasin tensi jg tinggi komorbit jg plus selama blm jaminan dr rumah sakit yg ngevaksin kl apa mau nanggul segalanya termasuk utang usaha wkwk yaudah mudur alon aja yg nyuruh vaksin
moan1974,sekarang jg bangsal cuci darah semua pasien ditarget vaksin dokter pendamping jg dokter umum padahal rata pasien hd komorbitnya berat harusnya yg turun dokter spesialisnya yg lebih tau
arifbudisatria,vaksin corona lama lama buat bayi tuh bakaln
edwnss,mendengar beberapa pengakuan warga penerima vaksin sangat antusias lantaran vaksinasi solo mudah kendati berasal luar kota tetap komitmen kebut vaksinasi kebut pemulihan ekonomi tumbuh tangguh bangkit lawan pandemi
felixtigrism,satu betapa kuat efectivenya netizen kelompok penekan mempengaruhi kebijakan pemerintah naik pesawat cukup antigen penerima vaksin corona dosis lengkap aturan berlaku mulai hari november
nanda_bril,rakyat menangis bu katanya dulu vaksin sj cukup kalo cuma bepergian darat ga jauh jauh sampe kpn sih pemerintah ga kasihan rakyat bohongin trs keknya negara berusaha bahagiain rakyat pandemi gini tp dirasa rasa in indo nyengsarain trs
ivanpw,mmm sabtu pagi yg indah sedikit mendung angin sepoi berhembus balai nampak ramai warga yg ikut vaksin pulang berenang rumah mengalun lagu indo lawas radio yg disetel papaku barusan baru lewat indera dengar yg pernah dipopulerkan olh d
NIAS2013,tetap bikin kesel waras vaksin penting jaga kesehatan masing
dadisrisuwarno,jangan panik dulu mungkin adanya kesalahan memasukkan nama lengkap nik nomer ponsel simak video cara mengurusnya cara mudah menerbitkan sertifikat vaksin terkendala
elpathi,melakukan vaksinasi covid sertifikat vaksin keluar aplikasi pedulilindungi padahal sertifikat vaksin dibutuhkan menunjang mobilitas mengakses fasilitas publik coutesy
elpathi,brarti dee ora vaksin
mimiholiccc,diwanek wanekne suntik vaksin ben kuat awake jebul seng diserang atine remukk joooo
gibran_tweet,dok minggu lalu sy mau jakarta vaksin dosis alhamdulillah sehat waktu scand screning apk pelind emg daftar riwayat swab antigen baru terbang makanya disitu muncul kata layak bepergian dgn pesawat rada aneh jg sih
Ikhwanudin56,vaksin lengkap skrg mau mburjo
rfxxiiy_,the underdog buffed by vaksin moderna ggwp
felixtigrism,set set set set buff vaksin moderna
GaryUtomo,mjb vaksin mbak makasih
gibran_tweet,kemarin grab pembagian sembako pas datang ternyata yg vaksin lha ikut vaksin grab ditolak gara ktp semarang amp ikut vaksin pakai astra zeneca yg vaksin nya baru besok
gibran_tweet,info vaksin astra zeneca dong zonk mulu nih abis kuotanya nyesel ambil astra tau gini sinovac aja
Sisoneto_,barusan vaksin kedua
Aryodwi20667228,ga tau sih vaksin kok penggunaan massal nya cepet banget
anggikjoananto,nganyari sertifikat vaksin karo perdana numpak krl
r0xelana,yuk vaksin semangat vaksin mencegah lebih baik mengobati vaksin lindungi
Afinnur_,kelompok remaja mencapai juta orang adapun juta antaranya mendapatkan dosis lengkap kali suntikan vaksin lindungi
Afinnur_,informasi nih hingga oktober juta lansia mendapat vaksin dosis pertama juta lansia mendapatkan dosis lengkap vaksinasi vaksin lindungi
felixtigrism,nah menentukan idikator level ppkm suatu daerah salah satu parameternya capaian vaksinasi umum capaian vaksinasi masyarakat usia lanjut vaksin lindungi
ariefbudiawan7,beberapa daerah cakupan vaksinasinya rendah dosis satu maupun dosis lansia daerah diantaranya sumatera barat aceh papua maluku utara vaksin lindungi
robotgedeg_,proses vaksinasi terus dilakukan sekarang pemerintah terus mendorong pemerintah daerah capaian vaksinasinya rendah terutama kelompok masayarakat rentan lansia vaksin lindungi
dontbesyai,seluruh pos pelayanan vaksinasi unit pelaksana teknis bawah kemenkes kantor kesehatan pelabuhan kkp rs vertikal poltekkes bawah kemenkes instruksikan menyelenggarakan vaksinasi semua kolaborasi dg baik vaksin lindungi
bonnie_ekobani,oiya program vaksinasi dilakukan semua target sasaran memandang domisili tempat tinggal ktp jadi semua mudah vaksin nih vaksin lindungi
ambarssari,pemerintah mengajak seluruh masyarakat segera divaksinasi tercipta kekebalan imunitas perlu pilih pilih vaksin semua vaksin aman berkhasiat yuk sama sama sukseskan vaksinasi vaksin lindungi
bowosusilo94,patut bersyukur nih pemerintah terus mengupayakan ketersediaan vaksin baik lewat skema multilateral maupun bilateral mencukupi stok menjaga laju vaksinasi sesuai stok vaksin vaksin lindungi
bowosusilo94,kedatangan vaksin kontinu indonesia menunjukkan stock vaksin tanah air aman mencukupi percepatan vaksin mencapai target terlaksana akhir tahun yuk indonesia vaksin lindungi
bowosusilo94,vaksin dikirimkan langsung provinsi memperpendek rantai distribusi mempercepat akses pemerataan berbagai jenis merek vaksin seluruh masyarakat proses vaksinasi semakin cepat dilakukan vaksin lindungi
bowosusilo94,vaksin pfizer tiba indonesia melalui bandara soekarno hatta juanda jawa timur
bowosusilo94,oiya pembelian vaksin menjaga stock vaksin fyi indonesia menerima vaksin baik bentuk bulk bahan baku maupun bahan jadi
bowosusilo94,jangan abai deh mencegah lebih baik mengobati hayo siapa vaksin nih
bowosusilo94,nah selalu patuhi prokes perlu vaksin nih vaksin vaksinasi lindungi semua
bowosusilo94,keknya yg demam abis vaksin kok gada kabar
bowosusilo94,info vaksin seng petugas nyuntik e gelm moro omah
bowosusilo94,papa said kelar vaksin pulang dong
bowosusilo94,vaksin dah
bowosusilo94,vaksin dah sih kak daerahku
bowosusilo94,aku baru vaksin pertama
bowosusilo94,betul yg luruskan jangan terjadi pemaksaan vaksin kpd masyarakat
bowosusilo94,sabar dok saling menghargai yg vaksin monggo yg tdk vaksin monggo
bowosusilo94,efek vaksin ancen marai kemronggo po ki
andevuss,persaingan obat covid semakin ketat semakin banyak obat covid semakin bagus rakyat spy tdk menjadikan vaksin kewajiban
fais_____65,min mohon info utk penerbangan jog tujuan upg antigen klo vaksin dosis
andevuss,mens gue ga aturan vaksin lagian jauhan anjir
felixtigrism,pakai pin kulo sampun vaksin
felixtigrism,vaksin kedua kok berasa lebih sakit sama berasa banget efeknya
wahyuningtri40,lah mau vaksin kudu pcr dulu
suwito_abdullah,monggo butuh vaksin
suwito_abdullah,leren o mbah desember wis nganggo penonton syarat vaksin x
golddi99er,vaksin
suwito_abdullah,hari pas longgar ikut memriahkan vaksin kantor kalurahan mandan kec kab sukoharjo
andinurul_nunu,vaksin kedua lebih ketata good la
anggiadee_,weh la kae rung vaksin to kak
ariefbudiawan7,efek vaksin dosis tidur
burooooos,mentang wis vaksin komplit
_robertoady,kalau parosmia apa ikut vaksinasi banyak penyintas gejala tersebut ikut vaksin
Bumi_Intanpari,vaksin dosis siswa man surakarta tersebar beberapa rs dikota surakarta man surakarta
ericwh93,ma sertifikat vaksin
Bumi_Intanpari,alhamdulillah dosis vaksin selesai sehat selalu semua semoga ikhtiar segera lepas pandemi covid aamiin
GentengI,udah vaksin mbah
burooooos,nganter vaksin pajaknya nonton xxi solo paragon seharian jadi sopir pp purwodadi solo kalian ngijoli waktunya ibu selalu pulang malem
nikenjaa,asyik dah vaksin dah masuk area bioksop angelina jolie kan eh
elisabetfps,jadi gini rasanya deg an daftar vaksin
wahyuningtri40,koncoku iso nde mlebu mall ra vaksin bermodal celana suwek ngaku ra ndwe hp inisiale ulinnuha
arifbudisatria,udah sih baru x bioskop buka masa ppkm nonton shang chi gpp baru x vaksin masuk area bioskop
man1_solo,terharu bgt liat ibu bapa lanjut usia bahkan yg berpenampilan sangar bertato semangat vaksin detik detik dosis terakhir
irfan_nuruddin,kalo aku tadi mbak aku baru vaksin x
Vitrianaap,ditanyain sakit gak pas suntik kedua vaksin aku jawab enggak lebih sakit suntik alergi sus
irfan_nuruddin,cerita lucu pas vaksin lah dikira aku jomblo diajak kenalan anak kelahiran wkwk pas tau aku dah punya anak lah kaget gak tuh
Anithaya_yusuf,pokoke top markotop vaksin vaksin berharap sertifikat digadaikan
felixtigrism,maaf jbjb udah vaksin sama steril
axchp_,gak sih habis vaksin moderna sakit punggung
haryopandu,mau disumbang vaksin dri china
felixtigrism,vaksin wow
rfxxiiy_,efek njarem abis vaksin emang selama dah hari ngga ilang ilang malah makin menjadi
felixtigrism,hbs ashar ntar jam acara keluarga hotel bokap yg bwp solo baru setelahnya malem hrs otw pulang sana lg krn bsk siang mau vaksin booster sekeluarga bsr rmh pamulang amp rmh solo baru yaa smg baik aja nih fisik gak kecapekan dg segala agenda yg sangat padat
mimiholiccc,gak sih vaksin sinovac kali next time nambah vaksin ketiga moderna aztra
mitaprat,meninjau vaksinasi tirtonadi kerjasama sasarannya pekerja khususnya bpjamsostek mitra grab penyandang disabilitas antusias warga luar vaksin terima kasih jaga kesehatan selalu
Anto1157,antri screening vaksin petugasnya cantik bgt pakai hoodie warna apa biru muda ungu ngga tau ngaraninya warna apa
ikaauwais2,meninjau vaksinasi its pku muhammadiyah mengajak masyarakat solo vaksin ayo segera vaksin perlu takut vaksin aman halal jumlah stock vaksin terus tersedia lihat video gibran rakabuming
sriwns,daerah bnyak yg blm vaksin ndoro wilayah grogol sukoharjo jateng salam sehat ngih pak senajan mu kalah ttp abang
skysilent3,mau vaksin ditolak rasanya kyk ditinggal pas sayang nya
sriwns,sesusah nyari vaksin non domisili disini sekalinya baru buka pendaftaran ngga sampe menit dah ludes aja
wahyuningtri40,laah mending gak usah dijatah vaksin aja alihin daerah msh bnyak yg menanti jatah dpt vaksin koq aku yg musti sabar blm kejatah kuota vaksin
sptwnangga,naiknya darimana kalo naik krl cuma vaksin kalo jarak jauh pake swab pcr antigen
chairulari_24,susah bgt sii nyari vaksin non domisili jauh ktb solo rugi sekalii kl ga join kuliah offlenn
mimiholiccc,punya sertifikat vaksin kepake buat naik
gibran_tweet,akhire gunanya ikut vaksin buat kesehatan
felixtigrism,masalahnya naek krl aja kudu pake vaksin sekarang wkwkw
gibran_tweet,maturnuwuun pak presiden hari anak ragil diberikan kesempatan vaksin bersama teman nya alhamdulilah
sardi52346100,hari tadi anak ragil vaksin bersama teman sekolahnya wa group teman kuliah surabaya share vaksin massal program vaksinasi pak emang top markotop kerja kerja kerja
rarabocila,nyari vaksin susah ngga pake ktp solo raya
sptwnangga,kak besok pagi ditempat yg sama vaksin kedua td udh kedkt liat infonya
IgnatioDee,aing aja vaksin gegara nunggu moderna pfizer malah udh komersialisasi kan aja
angin_ej,bangga punya duit bangga udah vaksin
ipehadid,jumat besok anak ragil giliran vaksin dikoordinir sekolahnya pak gub alhamdulilah
adil_hp21,kartu vaksin iku wis nyalahi kodrat demokrasi
adil_hp21,habis vaksin mam escrem gag
sptwnangga,outfitku vaksin kemaren aku pake kaos putih pendek
ariefbudiawan7,pak wali ktp warga kra tapii sdh lbh th tgl solo kost kerja solo interaksi solo makan tidur hidup solo bs terima vaksin koq dipersulit tak gmn pak hari coba yg rumdin wawali jg ditolak ktp
ariefbudiawan7,tetep dodol bar vaksin sebuah kesalahan
sptwnangga,nek mlebu y nganggo kartu vaksin po ra min
umm_faizah,semangat pagi min penerbangan solo jakarta syaratnya apa min calon penumpang vaksin sedikit masalah kesehatan dibuktikan surat keterangan dokter mohon infonya min terimakasih
tjok_aps,pagi min penerbangan solo jakarta syaratnya apa min kalau misal blm vaksin sedikit masalah kesehatan bagaimana surat keterangan dokter mohon infonya min terimakasih
iam_nurrr,fungsi tambahan sertifikat vaksin
ariefbudiawan7,orang disekitar gue lg sibuk cari vaksin pfizer moderna gue sendiri yg cari tau info vaksin nusantara masa indonesia ekspor vaksin nusantara berjuta juta turki orang indonesia sibuk import vaksin yg jelas mengandung stell minyak babi aneh ra si jane indonesia mu
MasPaiiii,min mhn maaf kapan vaksin yg kedua jenis astra yg diadakan digedung warastratama terakhir vaksin tgl juni smpe skg kabar yg menyelanggarakan rs dkt makasih min
pongkyprmeswari,duh tambah lawak adek geger gamau vaksin malah request vaksin puyer apa sirup plis vaksin bukan paracetamol
wahyuningtri40,gas ngreyen kartu vaksin
IgnatioDee,meninjau vaksinasi pelajar politeknik turut memastikan kondisi warga sehat divaksin keluhan target akhir bulan warga solo vaksin lihat video gibran rakabuming
ptrrvk,vaksin dr bulan juli gaes
tentangK3,jam ngantri vaksin tensi naik bukan apa kesel aja lama banget yalord
nanank_kiut,aku wis vaksin ayo piknik adoh
nanank_kiut,korban vaksin siapa yg bertanggung jawab
ardisetiawan_w,pasar gayeng alhamdulillah dah vaksin semua warga pasar notoharjo pak ekonomi mulai jalan cuaca cerah warga mranak murah tur apek bakulane
akukudusugih,iki mergo evek vaksin opo aku sing lemah yo rosone ora dang ilang kemeng bats
umm_faizah,meninjau pelaksanaan vaksinasi santri rs kustati pak memerintahkan stok vaksin tersedia segera digunakan siap gerak cepat distribusikan vaksin warga lihat video gibran rakabuming
brlys_,boro boro dapet vaksin orang kemarin vaksin x aja kaga yg anter gada yg antri krn dateng telat bener seorang diri menghayati banget ra sih jomblone
BenarTidakSalah,vaksin x protokol kesehatan jalan terus lalu apa jaga diri keluargamu risiko penyakit lainnya penyakit kritis fwd critical armor proteksi risiko finansial penyakit kritis
gibran_tweet,min kalo vaksin menyusui minta surat keterangan dokternya kepuskesmas apa
EvitNona,istri direkomendasikan ama dokter jenis vaksin p yg aman penderita eb autoimun waktu tanya orang puskesmas kapan p masuk kota malah dijawab gak usah pilih pilih vaksin mas semua sama kalo sama ngapain tanya dokter kasus autoimun
burooooos,alhamdulillah udah vaksin
Riezkyyp__,kalo vaksin bandara cuman dapet dosis setahuku ketersediaannya ga banyak tp coba aja sih barangkali kondisi balikpapan beda sm jawa
suwito_abdullah,nyandi kudu vaksin
MasBondan17,vaksin pertama
binarbonai,enggak sakit sih pas suntik yg bikin susah kipi nya aku malem abis vaksin demam pusing sama lengan yg disuntik sakit banget sampe gak tidur sekarang alhamdulillah mendingan pusing dikit
gibran_tweet,pulang kerja tidur cepet besok gas colomadu buat vaksin besok pagi bangunin
brlys_,lha gubernurmu lak meh gawe gelang bukti vaksin to nder wkwkwk
adiyeeeee,abis vaksin jon wkwkw
adiyeeeee,done ncovid ncovid tahap puskesmas manahan
umm_faizah,min kok vaksin imunisasi bayi dpt disemua puskesmas bidan desa kok kosong
myname_ap,vaksin jgn lupa
oxytyra_mine,aku kelingan ndue mbak sepupu dokter ditakoni wes vaksin rung tak jawab wis nggo sinofakk le nyauri malah vaksin kok nggo sinofak biarang penting iso numpak pesawat mbak jawabku ngono
nikmahazii,siap vaksin lindungi diri lindungi negeri
firnadi_,info vaksin wangon banyumas purwokerto ajibarang raya
Narendrojati1,thanks ppkm sekarang orang berlomba pengen vaksin biar masuk mall
wahyuningtri40,dialog dr terawan dg komisi vii vaksin nusantara yg dipersulit uji klinis
adiyeeeee,sungguh aneh klo negara mmpersulit vaksin karya anak bangsa sendiri
febri4574,meninjau vaksinasi kelompok rentan puskesmas ngoresan dosis diberikan masyarakat riwayat berbagai penyakit komorbid jangan takut vaksin aman halal check out gibran rakabuming s video
oxytyra_mine,seseneng dapet surat layak vaksin naik kereta yeay
Nandagstn,ibu hamil dipersulit buat vaksin sih aja halangannya
TirtaBrendy,pulang kerja sempet tidur dah surih nganterin vaksin
ramlans,jurgen klopp udah vaksin kedua
najib_imam,artinya bisnis vaksin impor jalan terus
akukudusugih,mohon maaf min bertanya seputar pcr repid antigen vaksin dosis pcr repid antigen disetertakan kedua duanya memilih pcr rapid antigen min terimakasih min
AlanWiryawan,min mohon maaf mau bertanya vaksin dosis daerah jawa apa menyertakan pcr min minta pencerahannya min terima kasih sesudahnya
andry_praz,vaksin nusantara yg hebat karya anak bangsa tdk direspon dg baik penghianat bangsa yg sesungguhnya antek komunis
iwanwahyuutomo,gelem vaksin gawene wedag wkwkw
suwito_abdullah,lol biyaya lockdown justru nya biaya ppkm tong lu kira ppkm gak makan biaya psbb gak makan biaya justru kalo alesan biaya napa majority vaksin indonesia pake sinovac az cuma harganya belom lisensi nyatanya pake sinovac paling banyak alesan aja
suwito_abdullah,eo sangat dibutuhkan alur penyuntikan vaksin deh pak
gibran_tweet,yey vaksin
baringanena,memang mantap sekali habis vaksin langsung lembur
adiyeeeee,kalo hamil gimana dong min masa vaksin
adiyeeeee,mhn maaf min minta info vaksin buat ibu menyusui nyari yg menyelenggarakan
FaizaRosyida,efek vaksin herpes
febri4574,baru bulan lebih minggu sembuh dr gejala covid mas kmaren vaksin moderna ga gejala yg mengganggu aktifitas
iyoes_23,film pendek vaksin palsu tayang youtube burhan family bisnis
suwito_abdullah,parkiran pasar klewer wes membludak ekonomi mulai jalan ppkm monggo pak longgar ka masyarakat taat maskeran vaksin ditingkatkan
ReiOgami5,nganter momi vaksin cok jane aku yo mls
ReiOgami5,efek vaksin
suwito_abdullah,klo pelayanan vaksin nusantara dmn dok
Langitra13,ujung nya berlindung dibalik taat prokes udah vaksin gapaham lg yg modelan kaya gitu
jeje_jildhuz,info vaksin gratis wilayah sragen
fajarpeewee,vaksin mulai pusing
Jameddun,ngga tau pernah vaksin
blankppl_,melangkah vaksin
isnadseptiana,emang ampuh bener vaksin moderna bikin orang ngk kuat ngapa in sangking bikin ngilunya
umm_faizah,lucu papaku super takut sm yg berbau dokter pas mau divaksin kayak udah stress duluan ditensi sampe dokter tenang pak gapapa bapak takut sok coolnya muncul blg engga h tp tangan keringet dingin hahahaha tp akhirnya vaksin krn uda normal wkwk
sriwns,nyokap tp yg gmpg kepikiran jd ngaruh banget semingguan kayak trying to make her hepi apalah gitu ngapain w bantu cek tensi jg tiap hari sampe akhirnya udah normal puji tuhan baru deh tenang mau vaksin puji tuhan sehat lancar
Ibnu_stiawan,case sm ky mamiku kmrn sampe endingnya w beli tensimeter nyokap cekup internis minta saran blh vaksin ga krn emg ad komorbid kata dokternya tp kondisi mm tensi super tinggi sampe gilak emg
LampuKerajinan,pelajaran nih sblm vaksin siapin kondisi bener jgn maksa klo riwayat hipertensi obatnya diminum yg rutin maintain terus tensinya better punya alat tensi dirumah jangan stress kurangi triggernya
MasBondan17,tinggal berangkat vaksin aja susah
pengabdiot,vaksin kiri pegel kanan
sriwns,oke efek vaksin kedua lebih njarem lengan sama hawanya lapar lucu nyawang adik adik maba fk belajar bicara ruang observasi malu malu
suwito_abdullah,vaksin done
bonanachacha,fungsi sertifikat vaksin yg dicetak apa si
AlvianMstfh,silakan vaksin bareng
sriwns,doblang kon vaksin kae run moso wedi jarum sontek
felixtigrism,gelora bung karno manahan
edi_pit,abis vaksin rasanya gimana gak gimana sumpah kcli dapet dokter nyuntik nya kayak nyuntik kebo
ratnamonica_,per agustus melakukan vaksin ibu hamil melalui puskesmas sesuai domisili bumil dosis dilakukan trimester kehamilan dosis disesuaikan interval vaksin digunakan simak video lengkapnya
burooooos,allhamdulilah lancar vaksin
burooooos,rasah vaksin
burooooos,bikin link pendaftaran vaksin niat ga sih heran deh gw
burooooos,yoes nunggu vaksin seng semprot ngko nek wes enek tak japri
sriwns,wingi wingi dtawani vaksin garek teko wegah kas saiki bingung golek vaksin
LampuKerajinan,protokol kesehatan pas piala menpora jalan pemain pelatih staf semua vaksin main swab semua orang area venue pakai masker penonton bus menggunakan bus bangku bus isi pemain
aloy_jenner,lho yg jd masalah lagian kan skrg dudah e ktp gitu lho semua kan warga negara gak mungkin jg mo vaksin berulang ulang klo jatah blt yg tipu kadang keqi jg dg model kebijakan begini kan mengejar kekebalan imunitas katanya
aafifm_,blm dpt giliran tiap kali reservasi penuh terus kuota pingin segera vaksin nih
indra_agusta,smua vaksin waktunya yg enggak
joshnoeg,kiamat dekat jerinx sid bersedia disuntik vaksin corona
_Sukrin,pertama bagaimana punya dosis vaksin notabenenya vaksin kelola negara kedua gratis masyarakat kurang mampu bukannya gratis semua ketiga siapaaa
gibran_tweet,selama punya identitas kia ktp warga solo silakan vaksin solo
haris_ajii,program begini knp mesti cuma dki sih pemimpin daerah koq gak dibantu yg butuh vaksin bukan rakyat dki
sweetkalyca,vaksin nyuntik e koyo ngaduk glepung diublek ublek jarume sek ng njero kulit suog
ledianakartika,pake undangan vaksinn soale aku mau vaksin
gibran_tweet,tdi aku vaksin cuma nunjukin undangan doangg
yowesbenlahh,aku vaksin doangg
akukudusugih,ayo dong yg udah vaksin naik krl
burooooos,senin vaksin knp deg annya udh mulai dr skrg
gabrielchrisnap,kayak vaksin dr ums kapan lalu post ig buat semua ktp pas hbs isi gform tyt cuma ktp surakarta malah diarahkan masuk grup tele panitia anak bem infonya ga jelas berubah dataku gimana hmm
nikenjaa,vaksin covid dilakukan masif kebawah minimal kelurahan digerakkan tiap gitu ben ndang rampung
gibran_tweet,hari ne aq vaksin hadew biyoh suntik
Langitra13,ngurus pindah vaksin dosis kedua aja udah kek simulasi pindah ktp bgst lempar sana sini asw
IgnatioDee,aku sinovac ga ngerasa efek apa vaksin kalo bapakku bbrp kluqrga tmenku dapetnya astrazeneca malem abis vaksin langsung demam tinggi seharian
IgnatioDee,jujur pak tertarik mall kalau syarat apa vaksin mbok persediaan wilayah lihat apa ngk
oxytyra_mine,hbs vaksin ngopi gak to
blontankpoer,mas ojol angkringan a koe ga vaksin po b wegah medeni og malah do loro a heleh mung mitos kui nek mitose bar vaksin ngaceng mesti koe sik dewe jingan og
AldhiTR,sori salah yg tadi vaksinasi bukan vaksin
gibran_tweet,mangkat vaksin malah tertolak kleru tanggal
IgnatioDee,non domisili daftar kuota penuh terus sedang perjalanan membutuhkan sertifikat vaksin
fauzancukk,memanfaatkan mall ditutup selama ppkm menjadi lokasi vaksinasi warga solo diharapkan memberi kenyamanan penerima vaksin percepatan vaksinasi
MagneticMoon_,ngantri vaksin koyo ngantri tekaning jodoh
MagneticMoon_,efek pertama vaksin astra ndek kae meriang hari wkwk trus vaksin kedua belom nunggu sampe tgl agust
MagneticMoon_,alhamdullilah banget habis sidang langsung vaksin jadi bener bener hibernasi
angin_ej,siapa yg bilang gak mau noh kota awal buka vaksin antrian bludak mayoritas yg cari info vaksin malah pekerja luar kota yg merantau soalnya ktp luar
44Natasha,vaksin efek ketiga efeknya ko gini
burooooos,hahaha ceroboh bgt bisabisanya salah tgl vaksin terlewat untungnya ttp heuheu
nkhawari,dapet vaksin az istri demam kakak sama adik ipar demam akunya enggak apa disuntik air gula
Sisoneto_,menggenjot sasaran vaksinasi kelompok pemkot solo mengadakan layanan mobil vaksin keliling beroperasi sejak juni lokasi berbeda lebih warga pralansia lansia mengikuti program
Alucya5,info vaksin colomadu karanganyar dongg
anakpinggirann_,bener ga katanya vaksin suntikanya lebih sakit
oxytyra_mine,vaksin kedua melakukan donor darah selang berapa minggu
nisa1_rama,sabar njir mau vaksin kedua dlu baru mau mikirin jkt
AD71E_,lemes beb senin aku vaksin
_AhmadNajihal,vaksin khusus nakes
oxytyra_mine,mohon info utk layanan vaksin stasiun solo balapan donk terima kasih sebelumnya
muis_nur2,dapet kuota vaksin dosis pertama pengen
mei_mei_01,barcode kartu vaksin isinya apa
gibran_tweet,selesai uas leha leha selesai uas vaksin
buruh_jamu,pawang vaksin kudu semangat ra sambat
jadijadiannpon,semangat vaksin mbak
_wassup_ya,rasa malu amp kepentingan kelompok idi amp bppom dr terawan sang penemu vaksin nusantara
myname_ap,g paham aku emg grup vaksin
Gans_Flanker,vaksin pertama apa
yagitunah,segera vaksin ojo ditunda tunda
firdauszulfikar,owalah iki sing vaksin awakmu tho kirain pitikmu
gibran_tweet,sobat soloraya butuh info vaksin follow instagram yak
SKiss23,udah vaksin dapet diskon kokumi ena bgt
rosaprtw,yaampun ngeri betul mana bang jago menantu idaman sok galak anjir ibu samping gue sampe shock aduh mbak kok pake teriak teriak vaksin deg degan takutt
feroarneu,terus aku cerita mama plus nanyain ga sih koordinasi pusksesmas bang jago menantu idaman kui trs mama jawab gaenek koordinasi blas wkwk konsep e vaksin hadapi lakoni ckckck
taurusguy19,tadi aku vaksin nganterin sahabat e mita sm adekku vaksin massal yg judulnya sih idaman e cah cah plus bang jago kerjasama puskesma tempat mama kerja sampe sana jujur kaget
MonicaNaress,blm vaksin gak naik ka pesawat gmn dong
Ihsan_N25,vaksin kedua beres alhamdulillah semoga pandemi segera pergi
babhesolo,vaksin vaksin vaksin yok enggal vaksin enggal mantai estu kepengin holiday lurr
babhesolo,koyo aku golek vaksin ngungkuli golek gawean kudu orang
_Sukrin,ning kantor ning kopinan ning tempat vaksin ning gym playlist lyodra pesan terakhir ngasi apall
GGabrielID,tepat pilihannya vaksin lebih terjadwal disiapkan terutama memiliki comorbid lakukan terlambat persiapkan stage kalahkan stage
storyofkaia_,btw orang kantor ane yg dulu anti vaksin akhirnya kmrn ikutan vaksin
firnadi_,banyak pt yg nyuruh bahkan mengultimatum karyawannya vaksin nyari sendiri miris pak
IgnatioDee,makanya mama males bgt ngedukasi orang yg gamau vaksin katanya ngapain orang vaksinnya tuh ga sebanyak yg digembar gemborkee wkwk org yg bebal gamau vaksin biarin aja yg pengen vaksin aja banyak kok
beruangbuluk_,udah vaksin belom sakit lho badanmu ditusuk jarum chat berakhir wkwkwk
apaandahbrisik,baru tgl besok vaksin pertamanya soalnya dr kmarin kyk flash sale booking kuota vaksinnya
nanda_bril,dosis vaksin pertama sama kedua beda ngga sih
irfan_nuruddin,kata sape sini mau vaksin rebutan dulu
oxytyra_mine,vaksin dosis done
gopalopotamus,samsoyo ora dong jare stok vaksin jt lha saiki mana kehabisan vaksin
nhgdsr,nek g kyo sistem pemilu kae lho kan rt moro ng satu tempat jadi vaksin e luweh cpt pengen ku ngono
nhgdsr,tanggal bapak vaksin kedua mama vaksin kedua aku sama cella vaksin kedua yuk bismillah keluarga pak slamet sehat sehat terus
nhgdsr,kalo vaksin g dijatah rt jadi petugasnya yg muter keliling rt buat suntik gitu kan otomatis udah langsung vaksin semua jadi lbh cpt gitu
uwupobia,kok malah nyalahin vaksin
blontankpoer,aku mau dikon milih sedurunge vaksin mas ironman spiderman karo leck man trus aku pilih de e sing nompo aku onone
txtfromsoc,ameh sok sok an idealis anti vaksin nan bareng dikon seko kantor yen ra vaksin rasoh absen akhir e yo mangkat jilakk
Ketika_setyo,vaksin dlu bor
binarbonai,aku lali kertas vaksin ku tak dokok ngd
AlfonsTefa,iya jg aku khan ngegym trus org rmh chat kasih broad cast abis vaksin sejml ibu parti akhir nya kena virus yg meninggal yg koma trus aku nanya temen ku yg dokter tp tugas disby bilanh jg gak cape kudu dirmh
miss_wici,efek nya stl vaksin tuh ngantuk trus pengen makan mulu trus lemes gitu badannya kalo pas kerja longgar maksudnya gak byk kerjaan tp pas fitness biasa aja biasa fitness aku pake suplemen tambahan aku pake fast full bwt ngimbangin partner ku
AnastasiaRoni,aku malah abis vaksin trus sorenya fitness pake beban berat soale aku bareng partner kuu malahan gpp tuhh
Sisoneto_,proses penerbitan sertifikat vaksin pedulilindungi app jg cepet banget beberapa jam vaksin terbit unduh rencana mau dicetak laminating sendiri takut privasi data bocor klo pake jasa cetak kartu meski dah bocor paling darkweb
nhgdsr,pas vaksin pertama menit abis vaksin langsung pegel lengan yg kedua nyaris ga efek samping apapun beberapa jam vaksin yaa biasa aja ngantuk sih wajar lha semalem begadang laper wajar lha blm sarapan
oxytyra_mine,liat pake mata sendiri pas cairannya masuk sensasi ngilu yg gimana gitu abis proses vaksin nunggu bentar surat keterangan dikasih kemudian beres deh
oxytyra_mine,sempet beredar video beberapa waktu lalu yg cairan vaksinnya ga disuntikkan cm nancepin jarum aja karna insekyur jadinya vaksin dosis kedua ku liatin proses nyuntiknya maap bukannya aku tak percaya sus biar lega dikit hehe beneran divaksin kok
firnadi_,prosesnya kurang lebih sama kayak vaksin pertama amp lebih cepet bagian screening tensi malah lebih tinggi sampe ditanya dokter muda kan maap klo vaksin terjadwal ga dadakan gini gampang kepikiran aqutu dok
wahyuningtri40,vaksin dosis kedua selesai h sempet bingung lokasi vaksin sms nya dulu kalau lokasi kedua klinik polres untung iseng nanya admin pak pulici ig polres surakarta bener lokasinya tetep lokasi vaksin pertamabalaik
ericwh93,si adek brisik pol blm dpt sms sertkfikat vaksin
nkhawari,inpo vaksin non domisili bre
ikaauwais2,vaksin campak wes ben kalo dicampakkan iku ora ngrantes
_wassup_ya,matur nang ibukmu rapopo telat vaksin sing penting imun ra gampang cidro
ikaauwais2,habis vaksin nafsu makan nambah kenceng makan terus tp gabisa gendutt anjir wkw
Rliriis_,yo ngisi form vaksin monggo
kibul_,pas dateng mau vaksin antri isi form bawa fotocopy ktp verifikasi tatap muka memang mantap indonesia tercinta
kibul_,yok berminat vaksin malam pkl dibuka pendaftarannya hari vaksin kuota orang orang per hari sing penting berusaha
imran_senn,yeaa siap menerima vaksin
fauzancukk,logika yg vaksin x aman perlu tes sana sini jd pertanyaan kalo vaksin x tp tetap tes hasilnya positif terus kapan pandemi selesai
adit_chan,apa vaksin sinovac sinovac merupakan nama perusahaan biofarmasi asal beijing memproduksi vaksin bernama coronavac jenis inactivated vaccine coronavac bekerja menggunakan partikel virus dimatikan
adit_chan,iyo ki alhamdulillah mugo ndang tambah akeh vaksin centre e
adit_chan,nyari vaksin susah setengah mampus
chaliysta,ayo vaksin
chaliysta,cara berpikir aneh begini mengakibatkan disinformasi soal covid isu ambulan kosong muter muter akhirnya ambulan lewat dilempar isu vaksin memasukkan chip akhirnya banyak yg anti vaksin byk yg meninggal rs yg disalahkan rs logika ajaib nitizen indon
chaliysta,bar vaksin tiga kok efek e lemes ngene
chaliysta,aku tp vaksin coz stok vaksin az sampe oslo
chaliysta,lha mau vaksin lewat endi must coba lapor pihak sing gawe vaksinasi sing mbok parani
chaliysta,edukasi mmg semua ttg vaksin kurang edukasi masyarakat desaku vaksin pertama oke tp stlh mau vaksin kedua g mau krn sdh kena hoax yg beredar dimasyarakat smga dipermudahkan
herungrh_,jadi vaksin tetap prokes mana tinggal bawa kartu vaksin bukan hasil swab antigen pcr
yotifolk,mobil vaksin tiap puskesmas seluruh indonesia jemput bola hari pindah rt vaksin tuh seada adanya orang yg divaksin biar cepet target marketing minimarket aja kalo kejar target jemput bola kok
irfan_nuruddin,baru sebulan disolo males vaksin swab kl mo balik
irfan_nuruddin,vaksin o saiki mumpung isine chip nek taun ngarep krungu isine kacang ijo karo coklat
Riezkyyp__,vaksin sek berbentuk kapsul ono ra to asuog pengen vaksin wedi jarum
karanganyarku,vaksin kok aku merasa transfer data jadi cepet banget via infrared
karanganyarku,efek vaksin laperr ngantuk bukan efek mah emang kebiasaan aja kalo ga laper ngantuk
karanganyarku,klo habis vaksin apa donor plasma bro
oxytyra_mine,berakhir wedyan seneng banget akhirnya vaksin hwaa wkwk
ericwh93,info vaksin
adiyeeeee,nurunin tensi waktu menit gimana guyss kasi solusi dongg pusing gabisa vaksin grgr tensi tensi
wahoyeah,yukk vaksin yukk doain guyss wkwk
gopalopotamus,semoga pemerintah kian massif memberikan vaksin covid ditempat nyaman disiplin protokol kesehatan ikuti sosial media ig sukoharjo fb pku sukoharjo twitter youtube pku muhammadiyah sukoharjo website
iwan_poenya,yg ga percaya vaksin plis diem aja jangan koar tulisan mu membahayakan buat nakes kalo ga biasa nanganin covid plis jgn lgsg panik dger cerita pasien panikmu membuat org ga percaya sm rs
nkhawari,awal mau siap vaksin pak daftar ol selalu trjawab kuota full pdhl batu jeda gak menit link reservasi dibuka gimana donk pak solusinya
kkhth97,benar mas pdhl sekarang apa hrs nunjukin kartu vaksin yaa
iyoes_23,vaksin sukoharjo apa kabar
iyoes_23,istri tenaga medis kok cara omgnya spt tdk paham tujuan vaksin bersyukur lu ud dpt vaksin yg dpt vaksin byk kesusahan mendapatkannya bersyukur jg udah vaksin lu udah terpapar n skg msh hdup bs ngetweet lol
bambang3handana,vaksin banyak yg mati
mashadieee,bilangin aja mas kalo sertifikat vaksin ngambil bansos
mashadieee,disini major issue vaccine availability banyak yg menganggap vaksin bagian politik
ipehadid,vaksinasi karanganyar lewat pintu min dinkes lik yg sediakan dinkes baru menit kuota langsung full antusias warga vaksin besar mohon tingkatkan
kulinerduludek,info vaksin dong mi
andikawidayat,emange kalo vaksin dipasangi cctv gitu
nyalaego,iya jurus jitu dicoba pegawai yg gak ikut vaksin gak thr nantinya
mariaissaa_,aku punya karyawan janda anak satu dah gede aku suruh ikut vaksin gak mau alasannya takut takut tiga tahun jadi zombie gus alloh sopo sih nyebarin hoaks kalo vaksin jadi zombie mbok ngaku
HeyOm_Oky,hari vaksin
mariaissaa_,lagian aneh vaksin kok bayar
kulinerduludek,vaksin karanganyar rebutan kuota daftar onlen ngalah i flash sale xiaomi
mariaissaa_,isinya covid virus virus virus terus vaksin vaksin mending download smadav aja deh kan anti virus lebih manjur vaksin
mariaissaa_,nah yen wes iso daftar kabeh kan tinggal nunggu kapan giliran vaksin nek dibatasi ngene iki kapan rampung e ayo lah kerja cerdas kerja efektif mohon bantuan lah pak gub
rspkusukoharjo,ibaratnya berperang melawan covid dipersenjatai vaksin musuh sedang mengepung sos vaksin sos vaksin
nikmahazii,hallo fenomena pendaftaran vaksin kok yo berlanjut yaa mbok wes ra usah nganggo kuota pendaftar nek misal maksimal dosis google form e rasah dibatasi open wae sak okeh pendaftar vaksin tinggal diurut sesuai nomor google drive
IgnatioDee,dalan e ojo ditutup ning nggonku arep do vaksin bingung meh lewat ngendi lha dalane ditutupi kabeh trus males budhal
buruh_jamu,jadwal vaksin dosis mu kapan
JokoSukamto11,buat vaksin kak read astrea zanev
putrarulez,gini lho mas bukan buzzer pakai logika pakai nalar kalau mau berkiblat negara udah lepas masker sah sah melalui proses pakai prokes pakai vaksin pakai otak
irfan_nuruddin,halo sahabat mido pernah geram melihat perilaku wna taat protokol kesehatan anti vaksin langsung maupun menyaksikan via sosmed
irfan_nuruddin,msh bingung dg vaksin vaksin tempat a vaksin tempat b bahkan beda provinsi
dontbesyai,heran aja yg vaksin cuma buat syarat bepergian
buruh_jamu,aman efek pegel jam vaksin
buruh_jamu,vaksin covid asal china sinovac semakin diragukan dicoret beberapa negara dinilai efektif melawan varian baru corona delta
irfan_nuruddin,bar vaksin kok madang e peng dewe
irfan_nuruddin,vaksin dosis hari negatif covid
irfan_nuruddin,jogja hampir hari mba info vaksin bebas domisili kudu effort lebih daftar antrian panjang tp infonya terselenggara disini infonya anyep doang
vivinrftrn,sejauh sih efek vaksin cuman laper semoga segini aja sih efeknya wkwk
hildadestiyana,capaian vaksinasi cupu minim informasi padahal antusiame masyarakat yg mau vaksin cukup bagus masa iya kudu nunut vaksin daerah tetangga
firdauszulfikar,kalo vaksin campak udah blum soalnya ko dicampakkan terus
Riezkyyp__,mending aku rebutan daftar vaksin rebutan memilikimu yoan kamu mau og hehe
abhyfaizal,covid berbahaya vaksin melindungi diri sendiri orang vaksin
JokoSukamto11,besok vaksin jujur sama dokternya soalnya bilang bulan negatiff
abhyfaizal,nunggu bulan duluu baru vaksin
myname_ap,baru pertama kamu gak vaksin anti jomblo
babykyutii,vaksin anti galau
MFaris_12,kok aku malah ra sabar vaksin yo ben nek koncoku crito aku yo iso crito ngono lho jiakhh
dontbesyai,halo admin gimana prosedurnya vaksin stasiun infonya
kanimsurakarta,henseni gpp ayo vaksin
MFaris_12,vaksin pertama sehat sehat semua
MFaris_12,halo admin gimana prosedurnya vaksin stasiun keperluan mendadak naik kereta vaksin infonya segera
ayyasyahya1,semoga lose streak akibat solo rank pagi menganggu vaksin
Didit_ST,siapkan kartu vaksin pcr ehac
anggorotegarr,selamat pagi mau tanya ibu sy vaksin kedua tp ktika mau liat sertif vaksin kok ga apps web nya pdhl cek nik nya tertera vaksin x gmn min
zunieinvy,njenengan wes nate kenek po wes vaksin to
_ripk,alhamdulillah entuk vaksin jalur
notanethereal,alah biyuung arep vaksin angel e ra karuan saben bengi arep daftar kok uangel e ra umum mbok yo koyo kota surakarta kae jogja kae vaksin sak nggon nggon karanganyar kok ruweet banget tho lae lae nyuwun tulung niki pak gubernur
_ripk,daerah ngendi mas distop takoki vaksin po mas
burooooos,vcs vaksin corona sayang
jujulmu,abis vaksin reaksinya km gimana nder
ayyasyahya1,punya asam lambung vaksin ga sih gaes
_wassup_ya,vaksin sukses indonesia sehat
capprigurll,efek vaksin ternyata bikin ngantuk yaps
dontbesyai,yg terjadi sama ibu vaksin kena covid isoman masum hari empat lemes batuk anosmia semoga menjadi parah bersyukur beliau divaksin
dontbesyai,btw aku habis vaksin kmpus wkwkkw
yerrnaldi,min kampus g ngadain vaksin utk alumni
itsikakurnia,selamat pagi pak info vaksin area sukoharjo yg melayani pendaftaran dmana nggeh maturnuwun
adiyeeeee,vaksin sek
wijayaanty,vaksin kali tubuhmu kapalen
itsikakurnia,lha kalau yg gratis ngapain gakmau vaksin
blenderid,tenang banget ben sesuk lolos seleksi vaksin kapan kae ditolak pas cek kesehatan kok
Ganeshrea,bismillah daftar vaksin online menit ful quota
_agustri_,win win solution sih buat yg gadapet vaksin amp punya berkat lebih biarin aja gausah nyinyir yg butuh vaksin tp tiap bukaan vaksin coba daftar tp gapernah dapet ngerti rasanya vaksin gratis dr pemerintah jg ribet netijen
miss_wici,gak perlu protes protes vaksin berbayar kalau gak mau bayar ikut gratis kok pakai sinovak kalau suatu terinfeksi virus dinyatakan positif meski faksin sangat mungkin komen gratisan kok minta kebal terus
AD71E_,jadii kalau gak mau antri vaksin gak mau gratisan mau nyaman waktu vaksin ikut vaksin berbayar kimia farma kalau suatu positiv c kategori cluster vaksin gotong royong yg berbayar vaksin nasional yg gratisan
abhyfaizal,info vaksin daerah solo dong
flyoverpalur,gue baru tau brand pengisi dapur gue kompor oven bikin vaksin
dontbesyai,harusnya gitu kuota terbatas heu tp kalau gak dapet vaksin direfund kok
rosaprtw,asiq sido vaksin
rosaprtw,vaksin dikon mbayar bar iki vaksin gratis lelet pelayanannya titeni
SSmandrix,akhirnya vaksin buat beberapa orang cuman kayak helm bukan buat nglindungi kepala d jalan tp biar pergi jauh
pik_gum,gak indonesia aja kok vaksin berbayar india berbayar kok yo miris negara gak menanggung rakyatnya masalah vaksin
septian_bagus11,ayo monggo berkenan vaksin
MN_Ariefin,info solo sing vaksin sing mbayar nandi yaa
tentangK3,covid yo sorry aku yo sehat tp nek rep vaksin daftar kok susah no hp wes trdaftar lhoo esih ora iso asutenann
ericwh93,efek vaksin po yo
desitameliaaaw,finally abis vaksin pegel kayak donor darah biasa ngantuk banget keknya begadang beruntung tensi gak naik jadi lanjut vaksin
ibabrogsan,vaksin solo hampir merata karanganyar klaten umur lansia banyak belom mulai vaksinasi
Rizky_Semanggi,ra vaksin vaksin nan ciu bekonang tahan segala medan penyakit apapun mletre
nkhawari,vaksinasi kuota selalu habis ahli ikutan vaksin pak
WahyuLiz,pukul tadi terhitung manusia yg antri buat ambil kupon vaksin wkwk gatau sekarang dah berapa males tengok
burooooos,vaksin kedua pebruari negatif covid per april bb ga sampek blm menikah gaboleh donor
nkhawari,vaksin e ra roto klaten karanganyar wae akeh seng hurung divaksin umur an
nkhawari,jam malam h keberangkatan udah orang yg antri buat vaksin mana antrian kupon buka jam pagi mantap djiwa semoga kebagian gada ditilep orang
easypeacsy,habis vaksin emang laperan masak iya tadi makan jam trus laper
myname_ap,sertifikat vaksin jadi syarat perjalanan wabah merajalela sulit sekali mendapatkan vaksin antri jam ternyata katanya kuota penuh sistem pendaftaran todak jelas byuh kudu piye iki
Estiningtyas__,kalo logikanya harusnya sakitan tattoo mana mana sih vaksin cuma satu jarum langsung cubles cuss udah selesai tattoo udah jarumnya lebih satu alat modern biasanya jarum tattoo terakhirku pake jarum lama prosesnya
desitameliaaaw,bisanya gudang vaksin terbakar konspirasinya gila
irfan_nuruddin,ayo vaksin petugase cantik cantik
APitik14,iya to orang gitu lho kan dulu prnh kasus penjualan vaksin perorangan pdhl jatah negara gratis negara semua wni kan kejujuran personal disini yg eksklusive
arawinda2402,sedih banget soalnya kekny daerah yg stasiunnya gada vaksin ngumpul stasiun deh keknyaa huhu refund gak angus aja
karanganyarku,loket buat ambil kupon buat vaksin dibuka jam yg antri udah yg datang jam malam diprioritaskan yg berangkat h jadi kalo datang h h hari h gabisa sehari kupon vaksin yg dibagikan antri kupon diwakilkan
AndreVerdian3,direwangi tangi esuk malah rasido vaksin
AndreVerdian3,vaksin pertama nomer urut rasa optimis gitu wni mau vaksin bayangkan tempat sehari orang lumayan kalau hari udah orang disitu percaya sebenarnya wni tu ngga ndablek ndablek ko
indrasuk20,bangun tidur tiba pengen vaksin vaksin biar vaksin biar jd syarat mau ngapa in
Estiningtyas__,emng paling bener abis vaksin tidur
arawinda2402,khusus buat h keberangkatan kan yg vaksin stasiun
kibul_,info vaksin presisi kota sukoharjo jateng min maturnuwun
adiyeeeee,pengen pulkam naik kereta biar sekalian vaksin sama swab takut gak kebagian kuota vaksin berakhir tiket hangus
Estiningtyas__,efek vaksin tnan nek iki
storyofkaia_,hawane luwe terus i efek vaksin ki
arawinda2402,habis vaksin bosku
Estiningtyas__,after vaksin ngantuk pegal pegal pusing
lolipopmanissie,nasib ktp bukan solo susah dpt jatah vaksin
viera_crista,yoh vaksin yoh semangat
unclebowl,golek suntik vaksin seng gratis kok angel yo ndadak rebutan opo suntik narkoboy wae pe
Skazalnozh,nek do wegah vaksin nggo aku wae kuotane please aku butuh
SandiAp11,aku lg sadar ternyata menkes e saiki i dudu wong medis jebul wong bumn makane o giat men vaksin ngendi dituku
IgnatioDee,dulu begadang terus vaksin alhamdulillah ko
Estiningtyas__,bapak ktp sukoharjo mau daftar vaksin ten pundi njih minim sekali pak informasinya beda banget sama solo program vaksinasi sukoharjo gk jelas pak
Estiningtyas__,habis vaksin lumayan mriang jg yak
desitameliaaaw,coba daftar vaksin daerah mu yu
Alf_alfinaa,hiahia wkwkwk aku cuman jaga yu kalo sewaktu balik kalimantan soal kartu vaksin aku blum vaksin soalnya mau daftar vaksin sih
APitik14,dobel mask terkena memang udara sehat lupa sedikit memakai masker minum terkena sangatlah hati meski dobel vaksin
yagitunah,dong palagi pasca vaksin
Estiningtyas__,vaksin sik
septian_bagus11,alhamdulillah hari kedua udah enakan banget badane gila badan drop kepikiran virus semengerikan plus pernah terpapar vaksin grgr ktp luar yuk yuk sembuh sat kangen masak dapur nih
Estiningtyas__,habis vaksin pertama terus ppkm bener bener disuruh jaga diri dirumah biar ga luar ketularan
rizaldanyarta,terakhir beli pas ga sengaja ketemu depan puskesmas pas mau vaksin
rizaldanyarta,vaksin disuntiknya kan im pengen req bokong ga sih
intanseptianana,tau vaksin covid daerah kota solo buat orang luar solo gratis poltekes nyari kehabisan nih mohon infonya
dmsajiprasojo_,quote of the day vaksin memendekkan umur vaksin memanjangkan umur
putrarulez,mulai pemberlakuan kalo pergi pergi mesti nunjukin kartu vaksin aku
rizaldanyarta,w ngga pro ngga kontra pemerintah tp wn yg baik elu harusnya jg nurut apa kata pemerintah ngga cuma protes aja dah vaksin emangnya kok ente bebas keluyuran
wahyufery_s,abis vaksin kedua rasanya kemeng
adhitre_,kemarin bpk mertua vaksin
rizaldanyarta,ternyata vaksin tanda akhir zaman soalnya semua orang vak sin sin
andrimf_14,wkwkwkwk ppv pencari vaksin balik kampung
hasansaputro__,aku bar vaksin jare isoh positif yen bar vaksin
Dimas_TC,akhirnya vaksin kawan
masbayuuu_,sekarang kalo mau luar kota syaratnya punya kartu sertifikat vaksin
MN_Ariefin,tenang sodara kalo pingin liburan kalo pingin ziarahi mprop bebas gaperlu surat vaksin
MN_Ariefin,gapapa gak habis vaksin langsung swab hasil positif
arawinda2402,eh btw program vaksin fk sampe kapan gaeess aku baru dapet infonya tadi sore
rdytfchrz,kemarin check in hotel wajib pakek sertifikat vaksin
Sisoneto_,alhamdulillah mbak td aku terpaksa rodo crigis wa grup gara vaksin
nitijenbaik,yeay vaksin seneng bgt difasilitasi sm kampus daerah sendiri lama bgt si ngurus vaksinasinya hmph
_wassup_ya,vaksin non domisili area solo raya available si terhalang ktp ni
Gans_Flanker,min mau tanya kalau naik kereta api jarak jauh apa wajib menunjukkan kartu vaksin
burooooos,vaksin jangan sekali swab otomatis positif
ikaauwais2,maturnuwun kesempatan vaksin pertama hari beberapa purnama menunggu nekat ngeyel
boerhanz08,bravo polri pandemi polri memberikan vaksinasi gratis tembus lebih satu juta vaksin ayo vaksin ditunggu tanggal juni datang membawa ktp polri mengabdi negeri indonesia maju
tessasasha,bravo polri pandemi sekarang polri memberikan vaksinasi gratis tembus lebih satu juta vaksin ayo vaksin ditunggu tanggal juni datang titik vaksin membawa ktp indonesia maju
mikoweldit,bravo polri pandemi polri memberikan vaksinasi gratis tembus lebih satu juta vaksin ayo vaksin ditunggu tanggal juni datang titik vaksin membawa ktp indonesia maju
mashadieee,semoga vaksin dosis segeran kaya kemarin
DOLLARmoro,bulan lalu gagal vaksin covid alhamdulillah kmrn bs vaksin alhamdulillahnya pasca vaksin aku ga ngeluhin apapun bahkan segeran bgt habis vaksin
gintangrd4rk,ambu ambune endorse covid po mbah aku bar vaksin ki mbah
ratihln18,waktu vaksin penyakitnya taruh luar dulu
arawinda2402,tunggu aja keluar vaksin yg diolesin
_wassup_ya,aku dah vaksin jatah temen kantor hehe skr tepar meriang
porsatur,udah dpt undangan dr kampung buat vaksin besok balaikota solo
irfan_nuruddin,baru dapet vaksin langsung diuji sama virus nakal mungkin gak sih cluster baru
arawinda2402,cobo golek info ne poltekes solo ws buka vaksin rung kui nggo ktp luar kota iso
SAdiekaputra,akir e kebagian jadwal vaksin istri tiap hari cari info medsos semoga menyusul vaksinasi usia min thn nya khusus nya daerah sukoharjo sehat semua prokes masker dobel sik
arawinda2402,info dong solo vaksin non domisili
miss_wici,pertanyaan vaksin ga sama sarunya kayak tanya keimanan entah berdasar ga
gumbalgambull,vaksin yo vaksin
_wassup_ya,kata vaksin berasal dr kata vacca yg berarti sapi lalu diberi nama apa hubungannya vaksin dgn sapi
dontbesyai,hatinya jgn lupa vaksin yaww
arawinda2402,rebutan booking vaksin jakarta bikin sakit perut berasa ppdb
Abpras2,seri vaksin jadi titan ga nih
DNoertjahjo,yak keluarga isoman ku tetep saling support walo cuman wa semangat de menunggu kepastian vaksin dinas perdangan koperasi umkm kab sukoharjo katanya pelaksanaan mulai tgl blas rung enek sms wa
DNoertjahjo,up yg aku pengen bgt tau jawabannya soalnya pengen vaksin pfizer
DNoertjahjo,solo cepet banget daftar vaksin tinggal klik halodoc pilih jadwal sesuai dikota
DNoertjahjo,alasan pak met ga mau vaksin jeneng penyakit e aneh obat e hurung ketemu belom mau jawab
DNoertjahjo,vaksin yg kedua lebih kerasa sakit sih wkwk
DNoertjahjo,gencarkan vaksinasi massal tni polri menargetkan juta vaksin sehari mempercepat proses vaksinasi merata seluruh indonesia serentak wilayah polda
DNoertjahjo,tanya jadwal vaksin utk msyrkt umum ae ra tau jwb lurr
DNoertjahjo,leganya udah h after vaksin gadapet side effect yg aneh jd ngantuk terus seharian
DNoertjahjo,seorang teman kantor bayi kandungannya malam meninggal covid vaksin x
DNoertjahjo,jare mas gibran jumlah vaksin sama rata ki
DNoertjahjo,vaksin warga gregeten sama ibu ibu tetangga mentang celah meskipun kk bukan sini selama domisili disini vaksin disini si ibu bawa sekeluarga besar nya biar dapet vaksin parahnya ngatur warga yg antri sebelah
DNoertjahjo,tergantung daerah asalmu aku dapet giliran vaksin rumah
DNoertjahjo,suatu hari dapet jatah vaksin gas in aja bro cuma kalo keadaan kek gini ngandelin prokes ketat aja jga gatau org ditempat umum yg temui keadaanya kek gmnaa
nikmahazii,ngaranmu apik vaksin ra tik
nikmahazii,akhirnya vaksin jadi pamer pokoknya kalau acara vaksin vaksinan daftar aja ngga ribet kok mumpung kota aware jadi enak perlu antri lama resiko berkerumunnya rendah gas pokok e
ericwh93,semua link google form vaksin asli semua sehari terima link beda pendataan vaksin
irfan_nuruddin,evek vaksin bikin melek jam
irfan_nuruddin,solo arep digalakke vaksin we komen e modelan ngene ki trus nek positive rate e duwur sg disalahke pemerintahe teros rasah gaya ngomong luwih percoyo imun tubuh sendiri nek kudanan sitik we pilek masuk angin bos
miss_wici,polri bersama tim dokter vaksinasi covid melaksanakan vaksin massal masyarakat rangkaian hari bhayangkara
miss_wici,mau bertanggung jawab sopan pakai maskermu cuci tangan sanitize jaga jarak taat tracing vaksin tersedia
diptaindra,solo aja mas modal ktp langsung vaksin
_robertoady,kalo indo komennya covid meneh covid meneh apa bla bla bla apa capek nakut nakutin orang bla bla bla jadi bekerja sepi bla bla bla padahal cuma disuruh pakai masker cuci tangan jaga jarak vaksin
septian_bagus11,iya ni ktp luar semarang mau daftar vaksin gratis keterangannya bukan warga semarang begimana
masbayuuu_,haduh vaksin x baru sadar seminggu kemudian makanya tanya nik sebutin tp dokternya kayak bingung karna didata laptop nya ga nemu nik tulis nama baru muncul
Piusenggar21,tak tahulah akika sama menfess diatas kan vaksin diciptakan biar kebal suatu penyakit bukan ajian rawarontek emang soalnya abis divaksin kebal bacok blunder
septian_bagus11,fungsi vaksin garis besar kan emang imunitas kekebalan tubuh
ransel_ungu09,iyep tau vaksin merangsang imunisasi pembentukan igg
stefanioktaaa,gelombang kedua vaksin udah mulai dikebut
_wassup_ya,maaf min mo tanya nik kartu sertifikat vaksin salah angka berpengaruh kedepannya
drprawedha,allhamdulillah pilek udah sembuh kok abis vaksin kena pilek huhuhu padahal aku pengen es cincau sar nongko
septian_bagus11,ditulisnya vaksin
porsatur,first vaksin done
arawinda2402,serumah cuma w yg vaksin
roydelpatron,ig story isinya vaksin berita temen yg positif covid
porsatur,vaksin yo yowes nek ra vaksin yo yowes
DNoertjahjo,kalau info program vaksin utk usia lt tahun area solo raya yogyakarta info dong suwun tweeps
DNoertjahjo,datang puskesmas jadwal vaksin kapan lalu tanya yg terdaftar ikut gak kalau gak pas hari h datang jam tutup kalau sisa vaksin pakai cara biasanya berhasil
DNoertjahjo,aku abis vaksin jadi ngantukan gampang lapar ku pikir ko ndak sembuh efeknya ternyata ngantukan gampang lapar sifat gawan bayiku
ocimarofa,gw ga kak gw vaksin maret lalu sampe sekarang sehat walafian
dheanrln,patuhi protokol kesehatan vaksin tetap prokes
Om_Willie,udah kena aja kadang masi parno lau cuman vaksin uda sesumbar sehat sehat aja dah moga lu semua
septian_bagus11,monggo munggah kaji indonesia murah meriah syarat vaksin karantina kitab al bujairomi alal khotib diterangkan menziarahi kuburan kedua orang tua salah satu orang tua hari jumat pahalanya haji bahkan lebih
Akungpu,kalau bantuan gak hubungane vaksin vaksin diperiksa tekanan darah nek ora lolos yo orasido vaksin karo nek nduwe riwayat penyakit berat luwih apik konsultasi karo dokter spesialis disik
Estiningtyas__,info vaksin rs bethesda
Ibnu_stiawan,klo tdk berhubungan dg kisruh diplomasi vaksin covid trus apa masalahnya yakin pemerintah arab saudi tdk mau dijadikan kambing hitam ketidakberangkatan haji tahun semakin curiga apa
callmekeepfly,info vaksin wilayah solo sekitarnya pls
boboMacan,lama menunggu mendaftar x giliran vaksin semoga pelaku jada wisata boyolali segera mendapat vaksin amiin
AlfonsTefa,tanyain langsung rmh sakit nya mas khan skg kalo org yg nemenin sodara ato famili vaksin ehh disuruh daftar sekalian bawa ktp sama kk
YCndrksm,aku disuruh vaksin aja tukads hbs kalo gk karna ngasih contoh anak emoh kayaknya
oxytyra_mine,temen istri vaksin positif gmn dok
DNoertjahjo,vaksin sih emang perlu ngga kalo pas disuntik ngga usah pake divideoin segala kau disuntik aku ngerasa ngilu liatnya
DNoertjahjo,gimana caranya dunia percaya sama cina ujung nya jualan vaksin anehnya yg beli
DNoertjahjo,cina mau jualan vaksin bodohnya sj yg mau beli vaksin cina
DNoertjahjo,harusnya seluruh negara dunia menuntut cina bukan malah beli vaksin cina
DNoertjahjo,my moon how your day hari vaksin kali terasa sakit bekas suntikan nya
DNoertjahjo,mengecek berita tersebut valid yuukk cek klik cek hoax lalu search kata kuncinya aja misal vaksin magnet muncul tuh berita bener enggak
DNoertjahjo,my moon how your day what you doing now besuk pagi pergi rumah sakit vaksin have a nice dream my moon
DNoertjahjo,emang ga vaksin apapun buat mencegah kebodohan sih
DNoertjahjo,efek vaksin ngantuk lemes bgt
DNoertjahjo,coba dulu himbauan peserta vaksin dgn riwayat sakit asma rhinitis alergi pernafasan harap diperiksa lebih lanjut gak asal coblos skrg hidung paru ku lebih bersahabat
AlfonsTefa,sebenernya kalo disuruh milih mau divaksin apa pengennya vaksin pfizer tp belom tersedia indo dpt nya vaksin sinovac tp gapapa karna emang efikasinya lumayan efek sampingnya berbahaya
iyoes_23,pelaksanaan vaksinasi tahap ii diikuti seluruh karyawan balai rsup surakarta dgn mematuhi protokol kesehatan lindungi diri amp dgn berpartisipasi dlm program vaksinasi covid
adiyeeeee,tumben bgt belom kerasa efek samping nya vaksin pertama efeknya ngantuk pol sampe tidur nyenyak yg belom kerasa ngantuk cuma pegel bagian tangan nya
adelliarosa,klo solo maret kemarin udeh gabung ma aku vaksin ny
porsatur,semua org ngerasa kalo jarumnya lebih gede karna emang td kerasa sakit wkwk yg vaksin pertama ga kerasa malah
wahyuningtri40,dds sambang rumah warga binluh warga yg lansia bersedia suntik vaksin imun terjaga terhindar covid
wahyuningtri40,habis vaksin jadi ngantuk puolll
wahyuningtri40,mau cek sertifikat vaksin link nya dibuka lalu download apk pedulilindungi dibuka si hp nya support memang diakses aja
Skazalnozh,kontak erat bund ibu hamil yg blm vaksin cm ngandelin herd imunity kuasa ilahi
porsatur,wes lah ra omongam vaksin sek rodok serem
myname_ap,lgsg vaksin
adiyeeeee,ketawa liat temen dulu nolak vaksin sekarang bingung cari tempat vaksin namanya pekerja luar negri mau ga mau emang vaksin lah
iyoes_23,sertipikat vaksin gadein ga si
angin_ej,cina buat senjata biologis menyebar seluruh dunia trus negara malah bangga beli vaksin cina
Nandabagus,kukira kemarin cara menghindari vaksinnya sukses tetep aja dipanggil suru vaksin
pucanganhore,pelaksanaan vaksinasi tahap i diikuti seluruh karyawan balai rsup surakarta dgn mematuhi protokol kesehatan lindungi diri amp dgn berpartisipasi dlm program vaksinasi covid
indrabhskara,eh seriusan vaksin ngaruh myd
alifebriyanto,yeuu sejak kapan fungsi vaksin buat mencegah biar ga kena covid plis lah judulnya misleading banget gimana masyarakat mau percaya vaksin kalau beritanya aja macam ni
Langitra13,semoga bapak ndakpapa pasca vaksin bismillah
primmnnn,adanya vaksin nusantara disini ketahuan mana orang yg benar nasionalis sejati mana yg sok nasionalis sebenarnya palsu
IbnuHartanto2,hasil rapat warga halal bi halal kampung diadakan mantab an rumah masing silahkan dihias biasalaah umbul sdh mbladus sdh ganti lah wae tuku cak vaksin macet kemungkinan datang baru tanggal ah gua mah
IbnuHartanto2,sampaikan bukannya butuh hari vaksin kedua baru lebih efektif
firmannara,min sesuk ki vaksin nganggo sinovac opo astrazeneca
irfan_nuruddin,pak said didu kapan vaksin nya pak mau divaksin pak gak malu kagak punya malu maap nanya satu sisi bapak terus nyinyir dgn program pemerintah sisi mau ikut program pemerintah vaksinasi covid
InfoMieAyamYK,vaksin aestrazeneca jarak vaksin lama bgt padahal vaksin jenis merupakan vaksin masa kadaluarsanya ga lama cuma bulan masa produksi
InfoMieAyamYK,meskipun menerima vaksin diharapkan masyarakat tetap menerapkan prokes dimanapun berada bangkit indonesia sehat
suwito_abdullah,respon tubuh vaksin pak artinya vaksin tersebut mulai bekerja jadi ga perlu khawatir memang merasakan demam lemas adapula merasakan sama sekali bergantung imunitas tubuh sendiri
Nandabagus,vaksin berapa
ShaufanH,aku malah sama sekali ngga mengikuti berita perihal vaksin vaksin nih masjon
adit_chan,kompensasi utk ijin halal produk makanan umkm aja gedee gmn dg yg vaksin
privateashtray,kedua penggunaan vaksin covid produk astrazeneca hukumnya dibolehkan yok ngasih info jangan setengah setengah
suwito_abdullah,vaksin kapan pak
sptwnangga,yg nyinyir soal vaksin disuntik mati sajah
suwito_abdullah,bganinkamtibmas memberikan sosialisasi ptotokol kesehatan kpd warga subtik vaksin covid dibpiskesmas penumping lwy solo
suwito_abdullah,hmm mau jga vaksin
suwito_abdullah,senang dah vaksin apa rasanya isni
MilkyCrav13,gusti corone ben aku wani suntik vaksin pie sedih banget
nurulbzz,oalah kupikir kalo punya sertifikat vaksin bebas naik kereta test genose sejenisnya baiklah naik moda aja kalo gt ribet
MilkyCrav13,ampun vaksin ternyata gak berasa mungkin terdistraksi dokternya ganteng
ScorpioGuyyyy,vaksin kedua lebih nyuuut
yhoanaaa_,kalok jaman sekarang kan babi ternak udah vaksin buat babi makanan babi sediakan jadi makanan terkontrol jadi aman aman aja masa iya ga makan babi
MelatiCahyaWM,kok uwis vaksin
porsatur,tanggal kemaren vaksin bsk tgl semoga lbh banyak warga indonesia menerima vaksin membuat indonesia menjadi kuat segera aktivitas bergerak spt biasanya normal aamiin
psda_solo,alhamdulillah vaksin pertama
porsatur,males vaksin mesti pekso keluarga
DagDigDugDeerr,kalo gak reaksi buruk udah pulang trus dapet kartu vaksin pertama dapet nomer hp dokter yg dihubungi kalo dlm jngka waktu minggu reaksi gak baik stl divaksin tp aku dah seminggu baik aja puji tuhan
porsatur,sebelom nya ditanyain apa punya penyakit berat misal jantung ato sakit hipertensi yg gitu gak sihh trus tensi jg trus cek suhu badan baru stl suntik vaksin jg nunggu menit reaksinya
Bhabinlawe,aku dapet vaksin krn pas kerjaan woro suruh vaksin kok mas makanya aku dapet aku nunggu vaksin yg
nadyaekaputrip,gratis kok mas sama lah yaa aku pikir stl menghubungi rmh sakit yg nyediain suntik vaksin km disuruh ngumpulin fotokopi ektp sekalian jg ektp asli sama disuruh ngasih nomer hp yg dihubungi dah tinggal nunggu panggil bwt suntik
kutitiprindu_,selamat malam mohon info min vaksin utk lansia area kecamatan colomadu desa paulan kapan yaa cara pendaftaran bagaimana
DinaYolandaa,ga lama kena lu klo vaksin wkwk
nitijenbaik,rakyat antri divaksin covid pak terawan merilis vaksin nusantara eeeh pak didu jualan masa lalu
kuraangtuuru,vaksin pfizer
biimafpoetra,bismillah vaksin
oppie_neeto,puji tuhan udah vaksin kurang sekali hari udah selesai
lulukditas,abis vaksin
suwito_abdullah,setuju koruptor kalau hidup divaksin cangkemu yo tetep vaksin
mahargiyant_,kamu merokok iya sehari sebungkus yook vaksin gak zat kimia gak tau baik buruknya zat kimia masuk kedalam tubuh merubah sel bayangkan kalau jadi sel kangker hih ngerii bro okey fine sama temenku
psda_solo,sedikit mengurangi rasa takut vaksin walaupun takut sih wkwk makasih boriel v
fatmauun,takut vaksin bund
dethaitea,padahal dulu ga mikir bakal kena vaksin duluan wkwk
oxytyra_mine,lolos gasido donor darah malah ketemu neh suntik vaksin
suwito_abdullah,nih orang kra besok vaksin aku kra gak anjim kalo gada adminnya sama aja
hasbybias,berani vaksin alhamdulillah rumah sakit jih solo
ginda8G,kalo besok vaksin ngelabrak admin nih mau ngurus nilai astaga ribet bener admin homebased satu
patonmaraton,kok kesannya malah gak bener tu vaksin
ariefbudiawan7,besok vaksin dosis gakk skip aja gajadi diskusinya
porsatur,komandan lanud adi soemarmo kolonel nav i nyoman suadnyana s t m m melaksanakan vaksinasi sinovac tahap pertama bertempat rsau dr siswanto lanud adi soemarmo penyuntikan vaksin covid sinovac dilaksanakan mengikuti prokes
cobralawu,tujokno wis tak vaksin komplit
hibyeeme,vaksin sakit hati opo opo mas
09rvy,kemaren jg barusan dikabari sama vet langganan klo vaksin kucing hampir seindo kosong untung bgt majikan udah vaksin awal januari dok pdhl jadwal harusnya tgl besok tp ditawari vet langganan awal januari kemaren krn solo mau psbb sujud syukur
felixtigrism,aku percoyo virus corona kui ono nek do ngomongke vaksin karo psbb ora wae lah sek penting nganggo masker cuci tangan wes beres
emiyunia22,yg kayak aku ga memar sampe sekarang bekas vaksin km pukulin kemaren wkwk
myname_ap,jangan jangan selama vaksin online
ariefbudiawan7,sejauh aman yaa sakit kemeng biasa kalo abis disuntik lah kalo ngantuk ga vaksin kayaknya emang aku ngantukan
ParwantoAgus2,ga testimoni abis vaksin
PoliceBambang,habis vaksin mau beli eskrim biar kaya pas kecil
niuLnopi,bentar isi story wa ig twitku vaksin aku post
niuLnopi,kaget aja tiba tiba hari jadwal vaksin
Nglinduran,pantaskah penolak vaksin diberi hukuman malam yaa acara free terbuka utk umum tersedia doorprize tuhh ragu pingin nanya soal vaksin disini tempatnya cari info orang yg kompeten dibidangnya yaa mau join zoom pm aja
girangbanget,dah lah walaupun njarem habis vaksin ak ttp ngerjain tugas rumah uts
misshestireal,wuhan sedang memperingatin th covid terbebas covid masker vaksin
Silvimaliaa,gilirin gini aja percaya sama who klo soal vaksin percaya sama akun telurrr ra mashok
arielyonatan,kayaknya lg mau doktrin deh lagian pemerintah jg lg vaksin biar jadi titan wkwk
darmas_8,efikasi vaksin sebesar menunjukkan harapan vaksin mampu menurunkan penyakit covid hingga jangan ragu melakukan vaksinasi covid
inamustik4,laah yg bermasalah palestina x israel kok mbah dayat mau nkri nunda vaksin tuh benang merahnya kok gak gathuk yaa nyambung
alfiansmo,siap vaksin indonesia lebih sehat jaga diri jaga keluarga jaga negara tetap terapkan m jangan remehkan protokol kesehatan selalu jaga kebugaran
inamustik4,rekan guruku pernah bilang semua anakku ngga pernah ikut suntik vaksin apa vaksin malah cuma buat anak jadi lemah bilang gitu pas lg sosialisasi vaksin puskesmas malu
gabrielchrisnap,kamu jauh realita generasi lahir an bawah banyak kaki tangannya tumbuh sempurna virus polio setelahnya berkurang vaksin sekarang mendampingi penyandang disabilitas akibat polio jadi tahu bagaimana akibat ketiadaan vaksin
adit_chan,aku wedi vaksin emang wedi suntik blok ra mergo teori konspirasi
adit_chan,yak abis vaksin kasus tambah naik
adit_chan,kementerian atrbpn siap vaksin
adit_chan,alhamdulillah bukan kitten ku nakal anjir sekarang wes sehat kurang vaksin tok alhamdulillah
Deddy1379,ngopo yik sahabatmu vaksin sek
_abie19,sengaja sbnrnya abas tahu gak msk kriteria terima vaksin kan emang kmrn dah terpapar covid mau pencitraan diri biar trlht berani
ariefbudiawan7,vaksin langsung nongkrong berikut tanggapan ucok baba terkait raffi ahmad
arielyonatan,kamu dpt jatah vaksin gratis ga
lupispasar,perasaan vaksin emg suka kumpul rame sher
adit_chan,vaksin opo
adit_chan,rame vaksin lah aku mah cuman sibuk kerja sepedaan ama ngegame dasar aku
nkhawari,info vaksin seng model obat gerusan
sultonafkhar,menolak vaksin yahudi
sliceofword,bangga vaksin bangga jadi anak pki yh bund
sliceofword,nyuntik vaksin pak jokowi
Gans_Flanker,se enggaknya raffi ahmad vaksin ibu se indonesia mau vaksin
Fahrudina_,mau vaksin monggo mau nolak monggo segala resiko mu mau servis leptop jasa live streaming bikin lanyart apa bikin jersey bola volly game apa monggo langsung dm aja
aihengni,yg nolak vaksin sinovac kayak punya duit aja beli merk vaksin wqwq
dik_her,gw mau dong vaksin
aihengni,mencapai tujuan indonesia bebas covid perlu masyarakat yg vaksin membentuk kekebalan komunitas melihat efektivitas vaksin tersebut
iidyllic11,yaiyalah nolak la wong vaksin sinovac umur tahun mah dah tahun keatas wkwk
aihengni,kalo vaksin yg gratis ngpa swab ngga yg gratis kan lebih mencegah dri mengobati
lanud_smo,nonton live streaming pak presiden suntik vaksin aku malah deg degan sampe nangis gak tau
ricofebricofeb,tp katanya who mensyaratkan efikasi minimal vaksin cm angka
wahyuningtri40,pak bapak disuntik vaksin hari jam brpa pak
tiS_tissa,mana mana vaksin vaksin vaksin baca dengarnya kok duh bukan gimana gimananya masalahnya aku takut disuntik
PaisalTri,kira kira kamu mau vaksin
buburgadiaduk_,trending vaksin kira kira mau enggak divaksin sinovac
buburgadiaduk_,woopps pake vaksin sinofuck nya dong
buburgadiaduk_,uji klinis dibandung selese bpom resmi menertbitkan izin edar vaksin sinovac semoga awal baik masa depan lebih baik
adinnurhuda,yaa kalo uda vaksin kasian irongmu disogrok
kikiflurane,tanya drh nya aja lgsg aja nder drh nya yg mutusin vaksin apa diobatin dulu
adinnurhuda,pendukung jokowi harusnya siap lebih vaksin sbg bentuk kepercayaan nya thd jkw
adinnurhuda,portal news makin kacau nalar aneh aja logikanya korelasinya dmn antar vaksin dgn alat kelamin
DzillaNurizz,msntab pengen suntik vaksin guee
s_oktania,puluhan ribu vaksin covid tiba semarang jawa tengah vaksin tersebut menunggu didistribusikan surakarta
anggikjoananto,solo udah vaksin freen bismillah w coba kenyot dulu
danangmauulana,disitu udah vaksin
Fajri_Jronk,bisnis surat keterangan pernah vaksin incoming
psda_solo,yok ndang vaksin yok ben iso ndelok konser e behind the scene ng kroya
amaliaalwi,happy new normal year nderek dedungo mugi gusti allah swt kerso ngangkat covid saking bumi kanthi wasilah vaksin saha ikhtiar ingkang sampurno mugi gusti allah swt paring kgm bpk ibu nikmat sehat klg sejahtera putra i sholeh hah manfangat fii diin waddunya wal akhiroh
SriRedjeki2,tahun baru jualan nanas muda vaksin covid lebih untung mana
psda_solo,jadi vaksin gratis kaga sih
mahargiyant_,hongaria slovekia italia langsung lakukan vaksin beberapa jam vaksin tiba endonesa tetep euforia kedatangan vaksin sejak desember lha njuk piye ngene ki
fuadjamil,ngeri kalo pakek vaksin
dimasawarga,bukankah sinofak ri nantinya jg beredar vaksin merk lainnya beli bayar sendiri tentunya mandiri tdk yg subsidi keberatankah gajiku umr budhe ku yg usianya diatas thn ku usahakan mandiri dg tenang damai
adia311,bu ibu klo nganter vaksin cuma bawa tas fesyun ibunya aja heran aku kok ga
aak_agik,skrg tiap mau vaksin nyiapin sgla mcem kek bawa lemari sampe gelas termos buat ngangetin asip dibawa pengalaman g bawa apa eh asipnya abis nyari laktasi jauh bgt trus muntah pas vaksin e ga bawa ganti baju rempong ses
junskybl95,nah shanghai aja menolak vaksin buatan cina koq indonesia malah beli
lidhiyaJelly,konyol klo gitu rakyat bersatu menolak vaksin yg jelas
IgnatioDee,klo vaksin gak ragu udah fatwa halal semoga indonesia ganti yg
tongsengparu,pemerintah berupaya menyediakan vaksin covid seluruh masyarakat cuma cuma vaksin kaitannya keanggotaan bpjs pemerintah menunggu tahapan ilmiah bpom lalu segera menyelenggarakan vaksinasi massal
tongsengparu,disuntik vaksin covid malah jadi titan giman v
fellacu,mau vaksin kan artinya ngabisin stok pcr swab rapid biar ga rugi
_robertoady,jujur sy gak percaya klo jokowi bener disuntik vaksin cina
ncko_chndra,kalau wajib brti sanksi bila tdk mau melakukan vaksin gmn dok soalnya byk org yg anti vaksin
Wahyusu14782362,adela is an admin now udah slese vaksin disuru jd panitia
adia311,maemnya dryfood sama wetfood aja kak yg jelas steril vaksin obat cacing rutin faktor penting dlm proses glow up nya majikan
porsatur,langsung cek buku vaksin
maspath_,beritain vaksin dateng sekarang biar nga takut buat dateng tps besok guys
maspath_,wadidaw kimia farma bang efek uym sama vaksin keknya
bangkit_mfc,kaya mesen antrian buat beli vaksin teruji klinis miskin persiapan mesen kain kafan jaga jaga kalau tiba tiba kritis negara tutup mata ga perlu ngrepotin negara
rezairwn,aku cinta vaksin
eprast11,vaksin langsung diditribusi dipake buat butuh kasus turun drastis hidup normal mantab
polsek_tangen,yakin nih vaksin nya udah aman kasian nakes kalo dijadikan percobaan
porsatur,selamat datang vaksin njenengan aja divaksin ndak usah
intandamm,rutin obat cacing vaksin kok mas
ruliwp,alhamdulillah akhirnya vaksin covid gratis dijepang
oxytyra_mine,uu lebih efektif vaksin
ardhaagasa,semoga situasi segera normal rencana pemerintah memberikan vaksin covid waktu dekat terealisasi tahun depan menjadi tahun kebangkitan khususnya dunia pariwiata perhotelan harap grace cc
tessasasha,vaksin covid terbukti investor kemudian mengambil uang merekeka gold market maupun forex menunggu vaksin keluarkan edar makanya harga emas turun
Anto1157,wuhan selesai vaksin indonesia ngotot btw emang indonesia udah neliti virus sendiri ngikut who
Anto1157,sinovac kan wkwkwk vaksin awal tahun mimpi belaka
AfrialdyAsyuraB,divaksin minim berat gr tp vaksin dikasih obat cacing minggu sebelumnya biar ps vaksin sehat
porsatur,rencananya bansos tahun depan semasif tahun fokus pemerintah sesuai instruksi presiden joko widodo pemulihan kegiatan ekonomi amp bagaimana mengadakan vaksin katanya cc
chentyLia,propenyor harga vaksin ditentukan demand and suply gak baca fakta
tiS_tissa,vaksin ampuh hempas corona for order dm
suwito_abdullah,konspirasi vaksin laku
IgnatioDee,ka klo vaksin d puskeswan solo brapa
adit_chan,buat vaksin kak
Xolixs,ka maaf jbjb kalo vaksin d puskeswan solo brapa
Amaaisan,klo vaksin berapaan ka d puskeswan
ironbirdddd,abis vaksin lemes mlungker terus nih anabul
wimboAN,halo kak maaf mau tanya antri onlinenya lewat mana sama mau tanya kisaran harga vaksin kitten mandinya
ratriraras,nangis setengah hari grgr vaksin tt pas pms ngeringik ngeringik kayak keponakan umur bln habis diimunisasi bgt
anasfarkhani,vaksin china diandalkan
Masdhikaaa,emang dibikin kan biar vaksin isa laku
nibrassabrina,nganterik kucing dokter buat vaksin scabies semoga sembuh dehh
indrabhskara,banyak banget orang anti vaksin al indo
SriRedjeki2,akhirnya beratmu udah sampe kg vaksin
SriRedjeki2,otaknya bosok tega jual vaksin palsu tega mencelakakan anak anak duit
auzeeya,badan intelejen bikin vaksin covid polisi minta dana buat pulihkan ekonomi negara main ngapain sih
auzeeya,si sayang udah vaksin
suwito_abdullah,mungkin pd saatnya semua terpapar nakes tenaga kesehatan sangat wajar tiap hari berjibaku pasien sekarang mau menghindar cara apa disiplin dgn protokol kesehatan
suwito_abdullah,vaksin corona dah ditemukan tp kok ga trending
suwito_abdullah,valid berdoa sama sama semoga vaksin virus segera ketemu semua segera normal
chairulari_24,sebenarnya berani beli baju dress busui all size bener bener gk pd pake baju potongan karna perut membuncit tp aku gk tahan beli rok siapa tau kepake pas vaksin baby w dasar aku
Riiikkkiiii_,suntik vaksin covid
tyowfirmansyah,semoga punya vaksin sendiri bukan luar
suwito_abdullah,presiden jokowi produksi vaksin corona sendiri impor target akhir tahun berita kompas tv juni wib
artara17,well virus belom kelar ga tau kelar kapan kalo belom vaksin anti virus obat jadi yok gpp mau keluar sih seriusan gpp jaga jarak bnyk yg suka lupa jaga jarak ga pake masker soalnya
agustadela,mengandung vaksin microcip g pengendali umat manusia
tiS_tissa,the new normal sepertinya dunia termasuk pemerintah indonesia sedangan mempersiapkan skenario the new normal berdamai covid menyadari proses penemuan vaksin varian corona jenis
tiS_tissa,vaksin ae durung enek pasien e wes enek sing wkwkw emg sakjosse
Gerinosky,kalau udh vaksin ngapain lockdown ae cengkeh nastar
dhatuputra,ngerti aku rung nyinggung tekan vaksin bidang medis sing tak maksud bahaya covid neng awakmu karo pekerja medis sing kualahan ngurusi pasien nek babagan vaksin mbok akuo yo emoh disuntik vaksin sing ra jelas
jujulmu,aku rung nyinggung neng vaksin aku mung ngemasalahke opini publik sing menggangap corona ki ora berbahaya terutama bidang medis
pratomooajik,reposted from satu konten edukatif nan inspiratif bersama arnold meka sang pakar terapi pikiran dengarkan bawah sadar tema vaksin mental
marwotojr,tadi poli khusus anak sehat vaksin kirain takut ehh kok malah ketawa ketawa liat yaa apa aneh klinik kasih ibu sehati
DuwaRakaat,cek fakta eks menkes siti fadilah supari sarankan ri pakai vaksin covid bill gates
marwotojr,namanya pak polisi mengetahui prosedor penanganan covid mungkin cateringnya ditambah vaksin amp sovenirnya masker sama antis good job pak doakan sini semoga sakinah mawadah warohmah aamiin
callista_zee,konsep ditawarkan lebih mirip seleksi alam herd community harusnya menggunakan vaksin kelompok orang sehat dicapai kekebalan komunitas orang dibiarkan sakit menularkan mencapai kekebalan komunitas memandang
suwito_abdullah,kl menurutku bahkan ditemukan vaksin tetep butuh beberapa waktu buat bener pulih kudu sabar kaya aku sabar nunggu notif kamu raketang seminggu mung pisan seng dinotis
andryxsan,suntik vaksin ae
mudha_satriya,vaksin e ndang ditokne mbah selak diwales dukhon sak piturute malah kojor tenan
bondanbugis,vaksin covid berita benar
haripape,aku inget film the flu vaksin menangkal virus tersebut tubuh seseorang sembuh virus tersebut
setyodiwantoro,baiknya vaksin flu yg dosisnya rendah disuntikan balita sedikit membantu mencegah epidemic semacam keyakinanku epidemic yg lebih ganas covid dikemudian hari
_wassup_ya,mbayangke china produksi massal vaksin covid temuannya terus disedekahke negara negara seluruh dunia termasuk amerika mesti paklik jin ping langsung dinobatke dadi wali dihujat iblis merusak peta sindikat farmasi sedunia
mudha_satriya,somad said vaksin tapir produk qaram then somad dead sad ending
suwito_abdullah,vaksin pake kopi
aprilia_sagala,mahal minta vaksin kw aja
rahmat_bud1_s,aku mau pulanggg gamau vaksin moewardi
cilkid_,aja si nder tp amannya vaksin dlu soalnya pas steril kan sakit takut imunnya down rawan terkena virus terlebih musim calici panleu
cilkid_,welcome march semoga virus corona segera menemukan vaksin nya
cilkid_,iya katanya dikasih obat cacing dulu baru suntik vaksin
cilkid_,titik terang pencarian vaksin virus corona
cilkid_,
Cokelatpait,
gistamentari,
Anto1157,
Anto1157,
yaernaaja,
Pleindeviezsin,
_wassup_ya,
mazbaguzjogja,
coloroyd,
Omhelm_,
SgCoanna,
porsatur,
rfmodric,
devinamer,
arielyonatan,
IrfanAdy,
masagengari,
Visianica,
ivan_dhimas,
yudakaringga,
sakkarepmufc,
alinea_terakhir,
ineedmorecuan,
ineedmorecuan,
JoeWidya,
dr_ardi,
sigitnugrohoo,
MarcellaAdy,
dina_liunata,
corneliazefanya,
Kurniawanws_,
zakyfahrudin,
Ivasn2ivandi,
porsatur,
Andistwn7,
blontankpoer,
Sptr___,
ifulpipbob12,
Arkobumen,
ayucunyaaa,
nikenarman,
masradensammy,
DeeRiry,
hakam_fahmi,
